track_id,filename,album_title,artist_name,genre,track_title,duration_sec
2,000002.mp3,AWOL - A Way Of Life,AWOL,Hip-Hop,Food,168
3,000003.mp3,AWOL - A Way Of Life,AWOL,Hip-Hop,Electric Ave,237
5,000005.mp3,AWOL - A Way Of Life,AWOL,Hip-Hop,This World,206
10,000010.mp3,Constant Hitmaker,Kurt Vile,Pop,Freeway,161
134,000134.mp3,AWOL - A Way Of Life,AWOL,Hip-Hop,Street Music,207
136,000136.mp3,mp3,Abominog,Rock,Peel Back The Mountain Sky,509
139,000139.mp3,Every Man For Himself,Alec K. Redfearn & the Eyesores,Folk,CandyAss,296
140,000140.mp3,The Blind Spot,Alec K. Redfearn & the Eyesores,Folk,Queen Of The Wires,253
141,000141.mp3,Every Man For Himself,Alec K. Redfearn & the Eyesores,Folk,Ohio,182
148,000148.mp3,Contradiction,Contradiction,Experimental,Blackout 2,138
181,000181.mp3,Scared Famous,Ariel Pink's Haunted Graffiti,Rock,Gopacapulco,171
182,000182.mp3,Worn Copy,Ariel Pink's Haunted Graffiti,Rock,Jules Lost His Jewels,228
190,000190.mp3,Blue Piano,Ed Askew,Folk,Castle Of Stars,249
193,000193.mp3,Blue Piano,Ed Askew,Folk,Here With You,254
194,000194.mp3,Blue Piano,Ed Askew,Folk,All I want to Do,192
197,000197.mp3,Blue Piano,Ed Askew,Folk,Piano 2,68
198,000198.mp3,Blue Piano,Ed Askew,Folk,It Breaks My Heart,269
200,000200.mp3,Blue Piano,Ed Askew,Folk,Baby Come Home,194
203,000203.mp3,Blue Piano,Ed Askew,Folk,Song For R,195
204,000204.mp3,Blue Piano,Ed Askew,Folk,My Dream,324
207,000207.mp3,Blue Piano,Ed Askew,Folk,Piano 3,96
208,000208.mp3,Blue Piano,Ed Askew,Folk,Safe Harbor,273
209,000209.mp3,Blue Piano,Ed Askew,Folk,Safe Harbor,328
210,000210.mp3,Blue Piano,Ed Askew,Folk,In the French Court,184
211,000211.mp3,Blue Piano,Ed Askew,Folk,In America,247
212,000212.mp3,Blue Piano,Ed Askew,Folk,When I Arive,230
213,000213.mp3,Au,Au,Pop,Boute,247
237,000237.mp3,6,Barnacled,Jazz,Garbage and (Garbage and Fire),450
247,000247.mp3,On Opaque Things,Bird Names,Rock,A New Map for Kissing,146
249,000249.mp3,On Opaque Things,Bird Names,Rock,The Indefinite Time Yet to Come,125
255,000255.mp3,On Opaque Things,Bird Names,Rock,We Want to be Old,182
256,000256.mp3,Black Elk,Black Elk,Rock,Toggle,202
257,000257.mp3,Black Elk,Black Elk,Rock,My Lil',146
258,000258.mp3,Black Elk,Black Elk,Rock,Eyebone,384
341,000341.mp3,30th Anniversary Blah Blah Blah,Blah Blah Blah,Rock,Count Dracula's castle,84
343,000343.mp3,30th Anniversary Blah Blah Blah,Blah Blah Blah,Rock,Cybernetics,66
352,000352.mp3,30th Anniversary Blah Blah Blah,Blah Blah Blah,Rock,In Arabia,165
368,000368.mp3,30th Anniversary Blah Blah Blah,Blah Blah Blah,Rock,Vampires,280
369,000369.mp3,30th Anniversary Blah Blah Blah,Blah Blah Blah,Rock,Whistle while you work,185
397,000397.mp3,On the Back of a Dying Beast: Volume 1,Borful Tang,Electronic,The Tides Of Land,240
398,000398.mp3,Root,Borful Tang,Electronic,Borful Tang Loves Nomeansno,344
399,000399.mp3,Root,Borful Tang,Electronic,ELI,388
400,000400.mp3,On the Back of a Dying Beast: Volume 1,Borful Tang,Electronic,Electronic Interlude VI,395
405,000405.mp3,Root,Borful Tang,Electronic,Majestic Shuffle,439
414,000414.mp3,Root,Borful Tang,Electronic,John And Mary - The Restaurant,230
424,000424.mp3,The Definitive Host,Brian Joseph Davis,Experimental,The Ambient Honky,76
425,000425.mp3,Original Soundtrack: Work for 20 DVD Players,Brian Joseph Davis,Experimental,Track5,384
458,000458.mp3,Hunt Like Devil EP,CAVE,Rock,Hunt Like Devil 4,223
459,000459.mp3,Butthash,CAVE,Rock,Machines and Muscles,301
512,000512.mp3,Lingua Ignota,Celesteville,Rock,"""""",87
534,000534.mp3,One Mind,Charles Manson,Folk,I Can See You,80
535,000535.mp3,One Mind,Charles Manson,Folk,Angels Fear To Tread,160
536,000536.mp3,One Mind,Charles Manson,Folk,Riding On Your Fears,304
537,000537.mp3,One Mind,Charles Manson,Folk,I Don't Need Water Sprinklers In The Desert,406
540,000540.mp3,One Mind,Charles Manson,Folk,The Black Pirate,309
546,000546.mp3,One Mind,Charles Manson,Folk,If You Have No One,319
550,000550.mp3,Unreleased,Chief Boima,Electronic,Cello Duet No. 1,272
564,000564.mp3,Cinwaves,Cinwaves,Rock,The Sugar Society,141
573,000573.mp3,Babylon Rules,Clockcleaner,Rock,When My Ship Comes In,394
574,000574.mp3,Babylon Rules,Clockcleaner,Rock,Caliente Queen,267
583,000583.mp3,"WAR (If It Feels Good, Do It!)",DJ's of Mass Destruction,Hip-Hop,"WAR (If It Feels Good, Do It!)",134
584,000584.mp3,"WAR (If It Feels Good, Do It!)",DJ's of Mass Destruction,Hip-Hop,Liberate The Children (Live),228
585,000585.mp3,"WAR (If It Feels Good, Do It!)",DJ's of Mass Destruction,Hip-Hop,Weapons? What Weapons of Mass Destruction? (Live),122
590,000590.mp3,Finally Here,Delta Dreambox,Jazz,Stuck,131
591,000591.mp3,Finally Here,Delta Dreambox,Jazz,Without A Sound,228
592,000592.mp3,Finally Here,Delta Dreambox,Jazz,Song X,206
593,000593.mp3,Finally Here,Delta Dreambox,Jazz,Finally Here,189
602,000602.mp3,Clones of Eros,Dora Bleu,Folk,Disappearing,445
603,000603.mp3,Clones of Eros,Dora Bleu,Folk,Lover of Nightmares,439
605,000605.mp3,Double Dagger,Double Dagger,Rock,I Was So Bored I Wanted To Hang Myself On The Dancefloor,108
608,000608.mp3,Double Dagger,Double Dagger,Rock,Punk Rock vs. Swiss Modernism,159
615,000615.mp3,Immaterial,EKG,Experimental,"Immaterial, side A",519
619,000619.mp3,Viridian City,Ed Askew,Folk,Pebble Beach,198
620,000620.mp3,Viridian City,Ed Askew,Folk,Arabesque,205
621,000621.mp3,Rainy Day Song,Ed Askew,Folk,Blue Eyed Baby,161
625,000625.mp3,Rainy Day Song,Ed Askew,Folk,Climbing To The Top,234
629,000629.mp3,Viridian City,Ed Askew,Folk,Dancing On Water,344
631,000631.mp3,Viridian City,Ed Askew,Folk,Buddha Smiles,246
633,000633.mp3,"Funeral Home Session 7""",El Jesus De Magico,Rock,Indian Giver,222
635,000635.mp3,"Funeral Home Session 7""",El Jesus De Magico,Rock,Xmas at Wounded Knee,133
664,000664.mp3,25 Lessons in HYPNOTISM,Ethan Persoff,Electronic,side 6 - not funny,174
665,000665.mp3,Forty Minutes Forty Memories: Horrible Music by Ethan Persoff,Ethan Persoff,Electronic,Disneyland (edit),268
666,000666.mp3,summer 2008 demos,Explode Into Colors,International,Heat,235
667,000667.mp3,summer 2008 demos,Explode Into Colors,International,Sharpen The Knife,246
668,000668.mp3,Change Thoughts (radio edit),Fanatic,Hip-Hop,Dream,221
669,000669.mp3,Change Thoughts,Fanatic,Hip-Hop,Dream,224
672,000672.mp3,Change Thoughts (radio edit),Fanatic,Hip-Hop,Rise,182
673,000673.mp3,Change Thoughts,Fanatic,Hip-Hop,Rise,180
674,000674.mp3,Change Thoughts (radio edit),Fanatic,Hip-Hop,Enterprizin,253
676,000676.mp3,Change Thoughts (radio edit),Fanatic,Hip-Hop,The Tension,197
677,000677.mp3,Change Thoughts,Fanatic,Hip-Hop,The_Tension,198
679,000679.mp3,Change Thoughts,Fanatic,Hip-Hop,Change Thoughts,340
680,000680.mp3,Change Thoughts (radio edit),Fanatic,Hip-Hop,Sunshine,181
681,000681.mp3,Change Thoughts,Fanatic,Hip-Hop,Sunshine,181
684,000684.mp3,Change Thoughts (radio edit),Fanatic,Hip-Hop,Late Night Show,316
686,000686.mp3,Change Thoughts (radio edit),Fanatic,Hip-Hop,Murder,198
690,000690.mp3,Cataclysm,Flying Luttenbachers,Rock,Cataclysm,290
694,000694.mp3,mp3 single with Faust,Food For Animals,Hip-Hop,Planet Say (featuring Faust),291
695,000695.mp3,Cock Rock Disco 2006 Free Compilation,Food For Animals,Hip-Hop,Elephants,104
696,000696.mp3,Fuck The Future,Foot Village,Rock,Korea,130
698,000698.mp3,Fuck The Future,Foot Village,Rock,Iran,88
701,000701.mp3,Fuck The Future,Foot Village,Rock,Japan,130
702,000702.mp3,Fuck The Future,Foot Village,Rock,Mexico,162
703,000703.mp3,Fuck The Future,Foot Village,Rock,Peru Austria and Canada,239
704,000704.mp3,Macondo,Fósforo,International,Mano De Dios,310
705,000705.mp3,Macondo,Fósforo,International,Tio Cocodrilo,369
706,000706.mp3,Macondo,Fósforo,International,Esto Es Califas,312
707,000707.mp3,Macondo,Fósforo,International,Cochabamba,330
708,000708.mp3,Macondo,Fósforo,International,Desconocido,289
709,000709.mp3,Macondo,Fósforo,International,Cumbia De Obama,192
714,000714.mp3,The Cult From Moon Mountain,Fursaxa,Folk,Circle Moon,338
715,000715.mp3,Kobold Moon,Fursaxa,Folk,Kokopelli,283
716,000716.mp3,Kobold Moon,Fursaxa,Folk,Saxalainen,297
717,000717.mp3,The Cult From Moon Mountain,Fursaxa,Folk,Tyranny,451
718,000718.mp3,Kobold Moon,Fursaxa,Folk,Song Of The Spindle Berry,128
720,000720.mp3,Take A hit,Fuzz Unlimited,Rock,Camera Shy,190
734,000734.mp3,Love Love Love,Glass Candy,Soul-RnB,Crystal Migraine,128
735,000735.mp3,Iko,Glass Candy,Soul-RnB,Iko! Iko!,298
736,000736.mp3,Demos June 2003,Glass Candy,Soul-RnB,You Are the Fly,265
737,000737.mp3,The Sick Sound of...,Glass Candy,Soul-RnB,Youe Deam Lover's On Video Again,446
738,000738.mp3,Demos June 2003,Glass Candy,Soul-RnB,Cold Party,172
739,000739.mp3,Love Love Love,Glass Candy,Soul-RnB,Hurt,247
740,000740.mp3,The Sick Sound of...,Glass Candy,Soul-RnB,Life After Sundown,477
741,000741.mp3,Iko,Glass Candy,Soul-RnB,Sugar &amp; Whitebread,425
742,000742.mp3,The Sick Sound of...,Glass Candy,Soul-RnB,B-Girls,347
743,000743.mp3,Love Love Love,Glass Candy,Soul-RnB,Brittle Woman,215
744,000744.mp3,Iko,Glass Candy,Soul-RnB,Lovin' Machine,405
745,000745.mp3,Demos June 2003,Glass Candy,Soul-RnB,Nite Nurses,338
747,000747.mp3,The Sick Sound of...,Glass Candy,Soul-RnB,Nite Nurses,320
748,000748.mp3,Iko,Glass Candy,Soul-RnB,track 4,424
749,000749.mp3,Demos June 2003,Glass Candy,Soul-RnB,Your Deam Lover's On Video Again,261
750,000750.mp3,Iko,Glass Candy,Soul-RnB,Iko! Iko! (vocal/conga mix),299
751,000751.mp3,Love Love Love,Glass Candy,Soul-RnB,Love Love Love,132
752,000752.mp3,Demos June 2003,Glass Candy,Soul-RnB,The Chameleon,185
753,000753.mp3,The Sick Sound of...,Glass Candy,Soul-RnB,track 5,159
754,000754.mp3,The Sick Sound of...,Glass Candy,Soul-RnB,Labrea Tar Pit,265
755,000755.mp3,Love Love Love,Glass Candy,Soul-RnB,Love On a Plate,167
756,000756.mp3,Iko,Glass Candy,Soul-RnB,Sugar &amp; Whitebread (instrumental),475
757,000757.mp3,Demos June 2003,Glass Candy,Soul-RnB,track 6,206
758,000758.mp3,Iko,Glass Candy,Soul-RnB,Lovin' Machine (nite Vocoder version),346
759,000759.mp3,Love Love Love,Glass Candy,Soul-RnB,Night Nurses,191
760,000760.mp3,Love Love Love,Glass Candy,Soul-RnB,Empty V,263
761,000761.mp3,Iko,Glass Candy,Soul-RnB,Lovin' Machine (vocal dub),406
762,000762.mp3,Live at Death Disco 9/26/2001,Glass Candy,Soul-RnB,Crystal Migraine,130
763,000763.mp3,"Demos 31, 37",Glass Candy,Soul-RnB,Love Love Love,160
764,000764.mp3,"Demos 31, 37",Glass Candy,Soul-RnB,Be a Dolly,221
765,000765.mp3,Live at Death Disco 9/26/2001,Glass Candy,Soul-RnB,Love Love Love,138
766,000766.mp3,"Demos 31, 37",Glass Candy,Soul-RnB,Love On a Plate,191
767,000767.mp3,Live at Death Disco 9/26/2001,Glass Candy,Soul-RnB,Love On a Plate,184
768,000768.mp3,"Demos 31, 37",Glass Candy,Soul-RnB,Brittle Woman,179
769,000769.mp3,Live at Death Disco 9/26/2001,Glass Candy,Soul-RnB,The Screamers,255
770,000770.mp3,"Demos 31, 37",Glass Candy,Soul-RnB,Black Veil,309
771,000771.mp3,Live at Death Disco 9/26/2001,Glass Candy,Soul-RnB,Brittle Woman,182
772,000772.mp3,"Demos 31, 37",Glass Candy,Soul-RnB,Johnny Are You Queer?,125
773,000773.mp3,Live at Death Disco 9/26/2001,Glass Candy,Soul-RnB,Nite Nurses,210
774,000774.mp3,"Demos 31, 37",Glass Candy,Soul-RnB,The Last Time,217
775,000775.mp3,"Demos 31, 37",Glass Candy,Soul-RnB,Nite Nurses,198
776,000776.mp3,"Demos 31, 37",Glass Candy,Soul-RnB,Hurt,311
777,000777.mp3,Quickies,Glove Compartment,Rock,Relaxing,90
814,000814.mp3,Hall of Fame (2000),Hall Of Fame,Folk,Motion Passings,146
819,000819.mp3,unreleased mp3s from Hans Grüsel's,Hans Grüsel's Krankenkabinet,Experimental,suBwarren1,170
820,000820.mp3,unreleased mp3s from Hans Grüsel's,Hans Grüsel's Krankenkabinet,Experimental,suBwarren2,130
821,000821.mp3,"Sir 12"" EP",Hecuba,Pop,Sir,200
822,000822.mp3,"Sir 12"" EP",Hecuba,Pop,Tom & Jerry,323
823,000823.mp3,"Sir 12"" EP",Hecuba,Pop,YES,245
824,000824.mp3,Here Comes A Big Black Cloud!!,Here Comes A Big Black Cloud!!,Rock,Black Mold,165
825,000825.mp3,Pompeii,Here Comes A Big Black Cloud!!,Rock,Death March,83
826,000826.mp3,Pompeii,Here Comes A Big Black Cloud!!,Rock,Graverobbin,258
829,000829.mp3,Pompeii,Here Comes A Big Black Cloud!!,Rock,The Fly Pt. II,144
830,000830.mp3,Here Comes A Big Black Cloud!!,Here Comes A Big Black Cloud!!,Rock,Vietnam,206
831,000831.mp3,blissblood.com,Here's How,Jazz,Late Late Show,199
832,000832.mp3,blissblood.com,Here's How,Jazz,My Heart Beats Like A Hammer,139
833,000833.mp3,blissblood.com,Here's How,Jazz,From This Moment On,238
834,000834.mp3,blissblood.com,Here's How,Jazz,You Showed Me The Way,183
835,000835.mp3,blissblood.com,Here's How,Jazz,Ain't No Use,269
853,000853.mp3,Black Mirror: Reflections In Global Musics (1915-1955),Hutzl Ukranian Ensemble,International,Welsinsni Melodyi,137
854,000854.mp3,"""Something"" Euro Tour 2005",Nautical Almanac,Experimental,INXS,118
855,000855.mp3,No Demo,I Am the Liquor,Rock,Aimless Journey,64
858,000858.mp3,No Demo,I Am the Liquor,Rock,Blastered,62
861,000861.mp3,No Demo,I Am the Liquor,Rock,Kicking & Screaming,69
863,000863.mp3,No Demo,I Am the Liquor,Rock,Bariwax,90
868,000868.mp3,Warm Coursing Blood,Ian Nagoski,Experimental,The Stars Are Beautiful,571
878,000878.mp3,unreleased Illusion of Safety mp3s,Illusion of Safety,Electronic,Bad Carnival Acid,403
881,000881.mp3,unreleased new recordings 2008,Illusion of Safety,Electronic,I could be wrong,135
889,000889.mp3,unreleased Illusion of Safety mp3s,Illusion of Safety,Electronic,Wasteland,473
890,000890.mp3,Century of Moonlight,Ilyas Ahmed,Folk,Softly Tomorrow,297
891,000891.mp3,Century of Moonlight,Ilyas Ahmed,Folk,Your One Mind,402
892,000892.mp3,The Vertigo of Dawn,Ilyas Ahmed,Folk,Phantom Sky,480
893,000893.mp3,Century of Moonlight,Ilyas Ahmed,Folk,The Gathering,446
894,000894.mp3,The Vertigo of Dawn,Ilyas Ahmed,Folk,Moon Falling,289
895,000895.mp3,The Vertigo of Dawn,Ilyas Ahmed,Folk,Unveiled Nightmare,340
896,000896.mp3,Impediments,Impediments,Rock,2012,274
897,000897.mp3,White Hymn,Infinite Body,Experimental,02,275
898,000898.mp3,White Hymn,Infinite Body,Experimental,09 (extended version),229
992,000992.mp3,The Sounds of Megaphone Unlimited,Jason Willett,Rock,Beautiful Song w/ kick drum solo,133
993,000993.mp3,The Sounds of Megaphone Unlimited,Jad Fair and Jason Willett,Rock,Or So I've Been Told,86
995,000995.mp3,The Death of Patience,Kevin Shields,Experimental,No Good Deed Goes Unpunished,298
997,000997.mp3,The Death of Patience,Kevin Shields,Experimental,Nothing's Ever Ending,520
998,000998.mp3,The Death of Patience,Kevin Shields,Experimental,Apparently,475
1014,001014.mp3,Turk Street,Kowloon Walled City,Rock,"Turk, Taylor and Jones",219
1015,001015.mp3,Turk Street,Kowloon Walled City,Rock,My Hands Are Turning To Bricks,240
1016,001016.mp3,Turk Street,Kowloon Walled City,Rock,Another Corporate Takeover,355
1017,001017.mp3,Turk Street,Kowloon Walled City,Rock,Inheritance,316
1018,001018.mp3,Turk Street,Kowloon Walled City,Rock,Make Us Pay,386
1022,001022.mp3,Intents &amp; Purposes,Kyle Bruckmann's Wrack,Jazz,Inasmuch As,339
1023,001023.mp3,Intents &amp; Purposes,Kyle Bruckmann's Wrack,Jazz,Despite All Evidence to the Contrary,409
1028,001028.mp3,Is Music Even Good?,Lazy Magnet,Rock,Masters Of Science Fiction,103
1029,001029.mp3,Is Music Even Good?,Lazy Magnet,Rock,Wilder Climes,128
1039,001039.mp3,Ride the Skies,Lightning Bolt,Rock,13 Monsters,169
1040,001040.mp3,Wonderful Rainbow,Lightning Bolt,Rock,Dracula Mountain,310
1041,001041.mp3,Live at Grady's Record Refuge,Liquorball,Rock,Live with Steve MacKay of the Stooges,324
1042,001042.mp3,Brave Nu World,Little Howlin' Wolf,Blues,Big Ole Bear,242
1043,001043.mp3,Brave Nu World,Little Howlin' Wolf,Blues,I'm Shufflin',332
1044,001044.mp3,Brave Nu World,Little Howlin' Wolf,Blues,Last Double Eagle,296
1045,001045.mp3,Brave Nu World,Little Howlin' Wolf,Blues,Baltimore Raven,124
1046,001046.mp3,Brave Nu World,Little Howlin' Wolf,Blues,Eulb,352
1047,001047.mp3,Brave Nu World,Little Howlin' Wolf,Blues,Astral Blue,244
1048,001048.mp3,Brave Nu World,Little Howlin' Wolf,Blues,Blue Coochology,180
1052,001052.mp3,Dilapidated Head & Torso Aggregations,Lovely Little Girls,Rock,Wide Mouth Penetrated Makeshift Mustache Man,278
1058,001058.mp3,Doozy,Lozenge,Jazz,Credo,302
1059,001059.mp3,Doozy,Lozenge,Jazz,Numbrcrunchr,146
1060,001060.mp3,Doozy,Lozenge,Jazz,Fuck The man,111
1061,001061.mp3,Undone,Lozenge,Jazz,Mr Fancy pants,256
1063,001063.mp3,Undone,Lozenge,Jazz,No Fair,115
1064,001064.mp3,Undone,Lozenge,Jazz,Undrbelly,214
1066,001066.mp3,Norteñas,Lucky Dragons,Experimental,Helicopter de Cristal,234
1068,001068.mp3,Norteñas,Lucky Dragons,Experimental,Mi Corazon Zone,75
1069,001069.mp3,Norteñas,Lucky Dragons,Experimental,Un Lagrima en la Discoteca,110
1071,001071.mp3,Norteñas,Lucky Dragons,Experimental,Dura Big Screen TV Mix,144
1072,001072.mp3,Norteñas,Lucky Dragons,Experimental,Ya Me Voy OK,89
1073,001073.mp3,Norteñas,Lucky Dragons,Experimental,Onda Tocadisco,93
1075,001075.mp3,Norteñas,Lucky Dragons,Experimental,Painful Corazon,62
1082,001082.mp3,Black Mirror: Reflections In Global Musics (1915-1955),M. Nguyen Van Minh-Con,International,Nam Nhi-tu,187
1083,001083.mp3,High Beams,Magic Lantern,Experimental,Feasting on Energy,472
1085,001085.mp3,Machinegong EP,Mahjongg,Electronic,jamdek,183
1086,001086.mp3,Machinegong EP,Mahjongg,Electronic,countdown (the chicken),220
1087,001087.mp3,Kontpab,Mahjongg,Rock,Tell The Police The Truth,315
1088,001088.mp3,Machinegong EP,Mahjongg,Electronic,aluminum,209
1089,001089.mp3,Machinegong EP,Mahjongg,Electronic,(bishop) desmond tutu,142
1093,001093.mp3,Thee Haunted Cobblestone Sunset Concert Series #8,Manbeard,Experimental,Track 02,377
1095,001095.mp3,Thee Haunted Cobblestone Sunset Concert Series #8,Manbeard,Experimental,Track 04,500
1102,001102.mp3,Opulence,Mary Halvorson and Weasel Walter,Rock,Rare Vodka from the Fourteenth Century,327
1105,001105.mp3,Mayor Daley EP,Mayor Daley,Rock,Song 1,323
1106,001106.mp3,Mayor Daley EP,Mayor Daley,Rock,Up With People,369
1107,001107.mp3,Mayor Daley EP,Mayor Daley,Rock,Song 3,268
1108,001108.mp3,Mayor Daley EP,Mayor Daley,Rock,Song 4,542
1117,001117.mp3,Black Hole Rock,Mike Rep and the Quotas,Rock,Florida Blue,236
1118,001118.mp3,Black Hole Rock,Mike Rep and the Quotas,Rock,Black Hole,208
1121,001121.mp3,Split 12'' with Drums Like Machine Guns BM0009,Mincemeat or Tenspeed,Electronic,Circle Crazy,167
1123,001123.mp3,6 Songs,Mink Lungs,Rock,I Sell Love,195
1125,001125.mp3,Secrets Between Friends,Mink Lungs,Rock,Sensual Pleasure,114
1126,001126.mp3,6 Songs,Mink Lungs,Rock,Silent Sex,187
1130,001130.mp3,6 Songs,Mink Lungs,Rock,Clowns In My Galaxy,242
1131,001131.mp3,6 Songs,Mink Lungs,Rock,Bunny Bought a Spaceship,177
1138,001138.mp3,Since Before Inertia,Minmae,Rock,In Abstracted Fashion,164
1147,001147.mp3,Runnin' Ape-like from the Backwards Superman: 1989 - 1995,Monoshock,Rock,Walk To The Fire,310
1148,001148.mp3,Runnin' Ape-like from the Backwards Superman: 1989 - 1995,Monoshock,Rock,International Hello,494
1149,001149.mp3,Runnin' Ape-like from the Backwards Superman: 1989 - 1995,Monoshock,Rock,Sea Monkeys,339
1150,001150.mp3,Runnin' Ape-like from the Backwards Superman: 1989 - 1995,Monoshock,Rock,Model Citizen,270
1151,001151.mp3,Live In Baden-Baden,The Moonlighters,Jazz,Desperado,148
1152,001152.mp3,Live In Baden-Baden,The Moonlighters,Jazz,My Blackbirds Are Bluebirds Now,189
1153,001153.mp3,Live In Baden-Baden,The Moonlighters,Jazz,Ballad Of A Gink,252
1154,001154.mp3,Live In Baden-Baden,The Moonlighters,Jazz,Hello Heartstring,171
1155,001155.mp3,Live In Baden-Baden,The Moonlighters,Jazz,Beyond The Reef,209
1156,001156.mp3,Dead And/Or Famous,Mors Ontologica,Rock,45 Revolutions,152
1157,001157.mp3,The Used Kids Session,Mors Ontologica,Rock,Bombshell,170
1161,001161.mp3,Dead And/Or Famous,Mors Ontologica,Rock,Massive Action,143
1162,001162.mp3,Dead And/Or Famous,Mors Ontologica,Rock,D.Y.I,130
1165,001165.mp3,The Used Kids Session,Mors Ontologica,Rock,Washington Beach,186
1179,001179.mp3,Dead And/Or Famous,Mors Ontologica,Rock,Shoes,341
1183,001183.mp3,The Used Kids Session,Mors Ontologica,Rock,Vampires In My Neighborhood,113
1193,001193.mp3,Seven New Songs,Mount Eerie,Folk,Wooly Mammoth's Absence,286
1195,001195.mp3,Seven New Songs,Mount Eerie,Folk,With My Hands Out,212
1196,001196.mp3,Seven New Songs,Mount Eerie,Folk,2 Blonde Braids,221
1197,001197.mp3,Seven New Songs,Mount Eerie,Folk,My Burning,161
1199,001199.mp3,Seven New Songs,Mount Eerie,Folk,Cold Mountain Song 286,146
1201,001201.mp3,Wicked Wanderer,Mountain High,Rock,Galiens,194
1202,001202.mp3,Wicked Wanderer,Mountain High,Rock,Life Coach,134
1203,001203.mp3,Wicked Wanderer,Mountain High,Rock,Gateway Shrugs,130
1204,001204.mp3,Wicked Wanderer,Mountain High,Rock,Russian Bear,206
1249,001249.mp3,Handcut Record Transfers,Nautical Almanac,Experimental,"""Cleanse Bath"" 10"" Metal Laquer",566
1259,001259.mp3,Cover The Earth,Nautical Almanac,Experimental,Rolling In The Green,208
1270,001270.mp3,"Workingman / Cocksuckerbastardmotherfucker 7""",Necropolis,Rock,Cocksuckerbastardmotherfucker,149
1276,001276.mp3,Thigmotactic,Negativland,Experimental,Richard Nixon Died Today,145
1277,001277.mp3,No Business,Negativland,Experimental,No Business,253
1278,001278.mp3,No Business,Negativland,Experimental,Downloading,592
1279,001279.mp3,IV: White Walls,Newagehillbilly,Rock,Childs Eye,81
1280,001280.mp3,John,Newagehillbilly,Rock,history,161
1289,001289.mp3,John,Newagehillbilly,Rock,Combat Phone,119
1290,001290.mp3,IV: White Walls,Newagehillbilly,Rock,Rock Roller,113
1292,001292.mp3,John,Newagehillbilly,Rock,Pirate Radio,266
1298,001298.mp3,IV: White Walls,Newagehillbilly,Rock,Weekend Warrior,98
1311,001311.mp3,Vegetable Medley,Nicky Andrews,Folk,Feeling so good?,103
1339,001339.mp3,Realistic Psychosis,Nicky Andrews,Electronic,Emotional Accident,118
1354,001354.mp3,Fools Want Noise,Oh My God,Rock,Fools Want Noise,153
1356,001356.mp3,On Safari,Olneyville Sound System,Rock,Elevator Shaft,85
1358,001358.mp3,Because We're All In This Together,Olneyville Sound System,Rock,This is Entertainment,134
1360,001360.mp3,Because We're All In This Together,Olneyville Sound System,Rock,Moron Song,110
1361,001361.mp3,On Safari,Olneyville Sound System,Rock,I want My Money,164
1363,001363.mp3,Because We're All In This Together,Olneyville Sound System,Rock,All Dressed Up,166
1366,001366.mp3,Because We're All In This Together,Olneyville Sound System,Rock,"These Guys Don't Take Requests, They Don't Play Showtunes",100
1382,001382.mp3,Parsley Flakes mp3s,Parsley Flakes,Rock,Lady Love,130
1383,001383.mp3,Parsley Flakes mp3s,Parsley Flakes,Rock,"Remember, Forget",154
1413,001413.mp3,Hello Futurist EP,Phallic Suns,Rock,Robot Slayer,254
1416,001416.mp3,Hello Futurist EP,Phallic Suns,Rock,Arizona Beach,146
1417,001417.mp3,Straight To the Heart,Pierced Arrows,Rock,Guns of Thunder,232
1418,001418.mp3,Straight To the Heart,Pierced Arrows,Rock,Caroline,222
1419,001419.mp3,Straight To the Heart,Pierced Arrows,Rock,In My Brain,203
1427,001427.mp3,Painted Shadows,Plastic Crimewave Sound,Rock,I Feel Evils,248
1443,001443.mp3,Bored Fortress Single Series Split w. Charalambides,Pocahaunted,Experimental,Time Fist,423
1450,001450.mp3,Kamehameha,Ponytail,Rock,Burning Saddles,64
1451,001451.mp3,Kamehameha,Ponytail,Rock,Start A Corporation,204
1481,001481.mp3,Endless Joy Split E.P.,Rainbro,Electronic,Cunca,210
1482,001482.mp3,Vectors,Rainbro,Electronic,Reindeer Dance,216
1483,001483.mp3,Endless Joy Split E.P.,Rainbro,Electronic,Center,550
1485,001485.mp3,Endless Joy Split E.P.,Rainbro,Electronic,Blaster,110
1486,001486.mp3,Vectors,Rainbro,Electronic,Greeting,90
1498,001498.mp3,There Were One and It Was Two: Annotated Notes from the Doubles Museum,Ric Royer,Experimental,Rural Autumn Interlude,105
1510,001510.mp3,They Lured Us Into the Basement,Ric Royer &amp; G. Lucas Crane,Experimental,Zombie,91
1526,001526.mp3,Attack of the Has-Been Androids,RoMak and the Space Pirates,Rock,Alpha-Generic,145
1528,001528.mp3,Attack of the Has-Been Androids,RoMak and the Space Pirates,Rock,Driving,145
1534,001534.mp3,Attack of the Has-Been Androids,RoMak and the Space Pirates,Rock,Retirement Song,296
1544,001544.mp3,In The Valley,Samara Lubelski,Folk,Song of The Stations,370
1545,001545.mp3,In The Valley,Samara Lubelski,Folk,Speedway of The Winged Shuttles to the Southern Hemisphere,523
1547,001547.mp3,The Hooded Ones,Saudade,Electronic,The Double,187
1548,001548.mp3,The Hooded Ones,Saudade,Electronic,Endless Decision,293
1550,001550.mp3,The Hooded Ones,Saudade,Electronic,134 Ash Street,220
1551,001551.mp3,The Hooded Ones,Saudade,Electronic,Voices Off,148
1552,001552.mp3,The Hooded Ones,Saudade,Electronic,The Hooded Ones,330
1553,001553.mp3,The Hooded Ones,Saudade,Electronic,Empty Pillow,125
1554,001554.mp3,The Hooded Ones,Saudade,Electronic,Sleep's Walk,289
1555,001555.mp3,The Hooded Ones,Saudade,Electronic,Soaked,224
1556,001556.mp3,The Hooded Ones,Saudade,Electronic,Reevolving,240
1559,001559.mp3,Laity,Sejayno,Experimental,Civil War Boys,97
1607,001607.mp3,Ice Machine,Six Star General,Rock,Waltz Walk Win,73
1634,001634.mp3,Natural Snacks,Snacks,Electronic,Cabbage Disaster,206
1635,001635.mp3,Natural Snacks,Snacks,Electronic,Odor Cameras From the Paris of the Future,150
1638,001638.mp3,Natural Snacks,Snacks,Electronic,Doug's Username on Ebay: spaghetti van halen,215
1640,001640.mp3,Natural Snacks,Snacks,Electronic,Mother,210
1642,001642.mp3,Wackity Schmackity Doo,So Cow,Pop,Hrz,68
1644,001644.mp3,Wackity Schmackity Doo,So Cow,Pop,Outskirts,146
1649,001649.mp3,Wackity Schmackity Doo,So Cow,Pop,Inis Meain,139
1652,001652.mp3,Wackity Schmackity Doo,So Cow,Pop,Last Train to Pyongyang,119
1661,001661.mp3,Wackity Schmackity Doo,So Cow,Pop,Only Fools and Horses Theme,127
1663,001663.mp3,Egg Soldiers,Softboiled Eggies,Pop,So High,200
1666,001666.mp3,Egg Soldiers,Softboiled Eggies,Pop,She Fell Through the Trees,282
1671,001671.mp3,Thee Haunted Cobblestone Sunset Concert Series #10,Solemn Man,Experimental,Track 05,209
1673,001673.mp3,Thee Haunted Cobblestone Sunset Concert Series #10,Solemn Man,Experimental,Track 07,250
1674,001674.mp3,Thee Haunted Cobblestone Sunset Concert Series #10,Solemn Man,Experimental,Track 08,382
1677,001677.mp3,The Simple Way,Solomonoff and Von Hoffmannstahl,Electronic,Miss Taznif Goes to Town Riding on a Pony,586
1678,001678.mp3,The Simple Way,Solomonoff and Von Hoffmannstahl,Electronic,A Simple Way,306
1680,001680.mp3,"Zanzibar, New York",The Sounds of Taraab,International,Bashraf Salama,436
1681,001681.mp3,"Zanzibar, New York",The Sounds of Taraab,International,Daka Kozi Manowe,274
1682,001682.mp3,"Zanzibar, New York",The Sounds of Taraab,International,Nie Zama Nie Sema,354
1683,001683.mp3,"Zanzibar, New York",The Sounds of Taraab,International,Mapenzi Matamu,312
1684,001684.mp3,"Zanzibar, New York",The Sounds of Taraab,International,Mahaba Wa Taka Nini,230
1685,001685.mp3,"Zanzibar, New York",The Sounds of Taraab,International,Eni Wana Damu,308
1686,001686.mp3,"Zanzibar, New York",The Sounds of Taraab,International,Rufiji,374
1687,001687.mp3,"Zanzibar, New York",The Sounds of Taraab,International,"Lala, Mpenzi Lala",330
1688,001688.mp3,"Zanzibar, New York",The Sounds of Taraab,International,Sishituki,285
1689,001689.mp3,"Zanzibar, New York",The Sounds of Taraab,International,Unalo,543
1701,001701.mp3,This is Fire,Spires That in the Sunset Rise,Folk,Clouds,386
1702,001702.mp3,Curse the Traced Bird,Spires That in the Sunset Rise,Folk,Java Pop,286
1703,001703.mp3,Curse the Traced Bird,Spires That in the Sunset Rise,Folk,Equus Haar,288
1704,001704.mp3,This is Fire,Spires That in the Sunset Rise,Folk,Morning Song,435
1705,001705.mp3,Curse the Traced Bird,Spires That in the Sunset Rise,Folk,Underscore,383
1706,001706.mp3,In the Pineys,Strapping Fieldhands,Rock,In the Pineys,175
1720,001720.mp3,The Phynx,Sun Araw,Rock,Harken Sunshine,269
1730,001730.mp3,Rare Youth,Teenage Waistband,Rock,Beast,207
1732,001732.mp3,Teeth Mtn CD-R,Teeth Mountain,Experimental,Black Jerusalem,341
1733,001733.mp3,Teeth Mtn CD-R,Teeth Mountain,Experimental,Keinsein,276
1734,001734.mp3,Teeth Mtn CD-R,Teeth Mountain,Experimental,Spirals,105
1735,001735.mp3,Teeth Mtn CD-R,Teeth Mountain,Experimental,Ghost Science,132
1736,001736.mp3,Teeth Mtn CD-R,Teeth Mountain,Experimental,Soft Beast,275
1738,001738.mp3,Teeth Mtn CD-R,Teeth Mountain,Experimental,Harsh Tanz,321
1739,001739.mp3,Teeth Mtn CD-R,Teeth Mountain,Experimental,Malamut,187
1783,001783.mp3,New Numbers,Glove Compartment,Rock,Her Opening,170
1793,001793.mp3,New Numbers,Glove Compartment,Rock,We're Flying Around In Our Haunted House,285
1797,001797.mp3,The Glove Compartment,Glove Compartment,Rock,Jaws Drop Baby Side,89
1799,001799.mp3,New Numbers,Glove Compartment,Rock,Beach Ball,63
1804,001804.mp3,The Hidden Woman,Glove Compartment,Rock,At the Gym,175
1810,001810.mp3,The Hidden Woman,Glove Compartment,Rock,Bramble Thorns,90
1822,001822.mp3,The Glove Compartment,Glove Compartment,Rock,Beach Baby,73
1831,001831.mp3,The Glove Compartment,Glove Compartment,Rock,Sgt. Sunshine & You,160
1836,001836.mp3,"And In Time / If We Don't Realise 7""",The Higher State,Rock,And In Time,152
1837,001837.mp3,"And In Time / If We Don't Realise 7""",The Higher State,Rock,If We Don't Realise,143
1883,001883.mp3,Introducing The Yolks,The Yolks,Rock,I Do What I Do,158
1884,001884.mp3,Introducing The Yolks,The Yolks,Rock,I Found Love,191
1888,001888.mp3,Peanut Butter Oven EP,Thee Oh Sees,Rock,Kingsmeat,328
1889,001889.mp3,Peanut Butter Oven EP,Thee Oh Sees,Rock,The Freak Was Clean,183
1890,001890.mp3,Peanut Butter Oven EP,Thee Oh Sees,Rock,Quadrospazzed,321
1891,001891.mp3,Peanut Butter Oven EP,Thee Oh Sees,Rock,Kids In Cars,303
1893,001893.mp3,Tommy Jay's Tall Tales Of Trauma,Tommy Jay,Folk,Memories,202
1894,001894.mp3,Tommy Jay's Tall Tales Of Trauma,Tommy Jay,Folk,Old Hemingway (Hem),172
1896,001896.mp3,Tommy Jay's Tall Tales Of Trauma,Tommy Jay,Folk,Winter Nomad,243
1898,001898.mp3,Telemetric Action EP,Mors Ontologica,Rock,Downtown,210
1899,001899.mp3,Telemetric Action EP,Mors Ontologica,Rock,Sleeping Chance,200
1900,001900.mp3,Telemetric Action EP,Mors Ontologica,Rock,Sterling,311
1901,001901.mp3,Telemetric Action EP,Mors Ontologica,Rock,Both Sides,241
1916,001916.mp3,Magic Car Wash,The Twin Atlas,Folk,Fall Away,249
1924,001924.mp3,Inside the Skate Scandal,The Twin Atlas,Folk,Calling For You,167
1925,001925.mp3,Magic Car Wash,The Twin Atlas,Folk,Happy At The Wheel,170
1926,001926.mp3,Inside the Skate Scandal,The Twin Atlas,Folk,Inside The Rhymes,121
1929,001929.mp3,Spleencoffin presents: Ladyz in Noyz,U.S. Girls,Experimental,Buzz Chant,216
1930,001930.mp3,Galapagos Momentum,Upsilon Acrux,Rock,So Thereby...and furthermore...thus henceforth...Mono,233
1940,001940.mp3,s/t,Vincebus Eruptum,Rock,Bald Bull,161
1941,001941.mp3,s/t,Vincebus Eruptum,Rock,Black Socks,216
1944,001944.mp3,s/t,Vincebus Eruptum,Rock,Who Farted,151
1963,001963.mp3,blissblood.com,Voodoo Suite,Jazz,Voodoo,224
1964,001964.mp3,blissblood.com,Voodoo Suite,Jazz,Chant Of The Moon,151
1965,001965.mp3,blissblood.com,Voodoo Suite,Jazz,Little Grass Shack,119
1966,001966.mp3,blissblood.com,Voodoo Suite,Jazz,You're My Thrill,224
1967,001967.mp3,blissblood.com,Voodoo Suite,Jazz,Sophisticated Savage,142
1995,001995.mp3,USA,Wankatorium,Rock,Battle Creek (Theme for Boiled Diet Soft Drinks),331
1996,001996.mp3,Early Recordings 1988-1991,Weasel Walter,Jazz,Neutron,365
2012,002012.mp3,Assphixxxeateshun,White Mice,Experimental,The White Mice,200
2096,002096.mp3,1st CD-R,Grouper,Experimental,title unknown,453
2097,002097.mp3,Paradise Now,Hall Of Fame,Folk,My Sweet Miasma,257
2099,002099.mp3,peaofthesea,luc,Pop,....like bacon sundays,244
2125,002125.mp3,Äss Live at WFMU on the Cherry Blossom Clinic 10/26/2000,Äss,Rock,Hoboken Sucks,155
3263,003263.mp3,Live at WFMU on Michael Goodstein's Show on 9/27/2008,Ai Aso,Folk,A Date,208
3264,003264.mp3,Live at WFMU on Michael Goodstein's Show on 9/27/2008,Ai Aso,Folk,Tee Te Te,354
3265,003265.mp3,Live at WFMU on Michael Goodstein's Show on 9/27/2008,Ai Aso,Folk,Lavender,171
3266,003266.mp3,Live at WFMU on Michael Goodstein's Show on 9/27/2008,Ai Aso,Folk,Land,248
3268,003268.mp3,Live at WFMU on Liz Berg's Show on 9/29/2008,Antiguo Automata Mexicano,Electronic,Minimal Martini,404
3270,003270.mp3,Arborea Live at WFMU on Irene Trudel's Show on 6/2/2008,Arborea,Folk,Song for Obol,288
3271,003271.mp3,Arborea Live at WFMU on Irene Trudel's Show on 6/2/2008,Arborea,Folk,Beirut,166
3272,003272.mp3,Arborea Live at WFMU on Irene Trudel's Show on 6/2/2008,Arborea,Folk,Seadrift,174
3273,003273.mp3,Arborea Live at WFMU on Irene Trudel's Show on 6/2/2008,Arborea,Folk,Redbird,173
3274,003274.mp3,Arborea Live at WFMU on Irene Trudel's Show on 6/2/2008,Arborea,Folk,Forewarned,349
3401,003401.mp3,Bonne Aparte Live at WFMU on Keili's Show 10/26/2008,Bonne Aparte,Rock,Taste My Snow,177
3446,003446.mp3,Live at WFMU on Dan Bodah's Show on 8/17/2008,Byron Coley,Spoken,Owed t' Burns 2,108
3449,003449.mp3,Live at WFMU on Dan Bodah's Show on 8/17/2008,Byron Coley,Spoken,The Vice President Is Open,156
3450,003450.mp3,Live at WFMU on Dan Bodah's Show on 8/17/2008,Byron Coley,Spoken,Bird Poem,76
3452,003452.mp3,Live at WFMU on Talk's Cheap 10/14/2008,Chandeliers,Electronic,Air Jordan,268
3453,003453.mp3,Live at WFMU on Talk's Cheap 10/14/2008,Chandeliers,Electronic,Bamboo,210
3454,003454.mp3,Live at WFMU on Talk's Cheap 10/14/2008,Chandeliers,Electronic,Precisely Prescilla,290
3455,003455.mp3,Live at WFMU on Talk's Cheap 10/14/2008,Chandeliers,Electronic,The Thrush,260
3458,003458.mp3,Live at WFMU on Talk's Cheap 10/14/2008,Chandeliers,Electronic,Body Double,256
3459,003459.mp3,Live at WFMU on Joe Belock's Show on 7/17/2008,Chatham County Line,Country,Carolinian,255
3460,003460.mp3,Live at WFMU on Joe Belock's Show on 7/17/2008,Chatham County Line,Country,Joe chats with the boys,360
3461,003461.mp3,Live at WFMU on Joe Belock's Show on 7/17/2008,Chatham County Line,Country,Let It Rock,201
3462,003462.mp3,Live at WFMU on Joe Belock's Show on 7/17/2008,Chatham County Line,Country,Chip of a Star,252
3463,003463.mp3,Live at WFMU on Joe Belock's Show on 7/17/2008,Chatham County Line,Country,Clear Blue Sky,115
3464,003464.mp3,Live at WFMU on Joe Belock's Show on 7/17/2008,Chatham County Line,Country,She,188
3465,003465.mp3,Live at WFMU on Joe Belock's Show on 7/17/2008,Chatham County Line,Country,Birmingham Jail,257
3467,003467.mp3,Live at WFMU on Brian Turner's show on 12/2/2008,Cheap Time,Rock,Woodland Drive,103
3468,003468.mp3,Live at WFMU on Brian Turner's show on 12/2/2008,Cheap Time,Rock,Glitter and Gold,111
3469,003469.mp3,Live at WFMU on Brian Turner's show on 12/2/2008,Cheap Time,Rock,Zig Zag,116
3470,003470.mp3,Live at WFMU on Brian Turner's show on 12/2/2008,Cheap Time,Rock,Back to School,78
3472,003472.mp3,Live at WFMU on Brian Turner's show on 12/2/2008,Cheap Time,Rock,People Talk,137
3473,003473.mp3,Live at WFMU on Brian Turner's show on 12/2/2008,Cheap Time,Rock,When Tomorrow Comes,124
3475,003475.mp3,Live at WFMU on Brian Turner's show on 12/2/2008,Cheap Time,Rock,Handyman,109
3476,003476.mp3,Live at WFMU on Brian Turner's show on 12/2/2008,Cheap Time,Rock,Wild Life,97
3477,003477.mp3,Live at WFMU on Brian Turner's show on 12/2/2008,Cheap Time,Rock,Down the Tubes - Falling Down,243
3478,003478.mp3,Live at WFMU on Brian Turner's show on 12/2/2008,Cheap Time,Rock,Over Again,175
3479,003479.mp3,Live at WFMU on Brian Turner's show on 12/2/2008,Cheap Time,Rock,Trip to the Zoo,171
3489,003489.mp3,Live at WFMU on Brian Turner's Show on 7/25/2006,Citay,Rock,Title Unknown,196
3490,003490.mp3,Live at WFMU on Liz Berg's Show on 3/24/2008,Citay,Rock,Little Kingdom,372
3491,003491.mp3,Live at WFMU on Brian Turner's Show on 7/25/2006,Citay,Rock,Title Unknown,122
3492,003492.mp3,Live at WFMU on Liz Berg's Show on 3/24/2008,Citay,Rock,On The Wings,286
3493,003493.mp3,Live at WFMU on Brian Turner's Show on 7/25/2006,Citay,Rock,Title Unknown,427
3495,003495.mp3,Live at WFMU on Brian Turner's Show on 7/25/2006,Citay,Rock,Title Unknown,372
3497,003497.mp3,Live at WFMU on Brian Turner's Show on 7/25/2006,Citay,Rock,Title Unknown,502
3499,003499.mp3,Live at WFMU on Brian Turner's Show on 7/25/2006,Citay,Rock,Title Unknown,273
3501,003501.mp3,Live at WFMU on Brian Turner's Show on 12/12/2006,Clockcleaner,Rock,Vomiting Mirrors / Missing Dick,568
3502,003502.mp3,Live at WFMU on Brian Turner's Show on 12/12/2006,Clockcleaner,Rock,New Slow,357
3503,003503.mp3,Live at WFMU on Brian Turner's Show on 12/12/2006,Clockcleaner,Rock,Deaf Man Talking,197
3504,003504.mp3,Live at WFMU on Brian Turner's Show on 12/12/2006,Clockcleaner,Rock,Black Baby,351
3505,003505.mp3,Live at WFMU on Brian Turner's Show on 12/12/2006,Clockcleaner,Rock,Early Man,495
3514,003514.mp3,Live at WFMU on Brian Turner's Show on 6/27/2006,Country Teasers,Rock,Prelude,362
3515,003515.mp3,Live at WFMU on Brian Turner's Show on 6/27/2006,Country Teasers,Rock,The Ship,83
3516,003516.mp3,Live at WFMU on Brian Turner's Show on 6/27/2006,Country Teasers,Rock,Points of View,200
3517,003517.mp3,Live at WFMU on Brian Turner's Show on 6/27/2006,Country Teasers,Rock,Good Looking Boys Or Women,181
3518,003518.mp3,Live at WFMU on Brian Turner's Show on 6/27/2006,Country Teasers,Rock,Trucking By,319
3519,003519.mp3,Live at WFMU on Brian Turner's Show on 6/27/2006,Country Teasers,Rock,Hairy Wine 2,222
3520,003520.mp3,Live at WFMU on Brian Turner's Show on 6/27/2006,Country Teasers,Rock,Man v. Cock,211
3521,003521.mp3,Live at WFMU on Brian Turner's Show on 6/27/2006,Country Teasers,Rock,Please Ban Music/Gegen Alles,459
3522,003522.mp3,Live at WFMU on Brian Turner's Show on 6/27/2006,Country Teasers,Rock,It Is My Duty,455
3532,003532.mp3,Live at WFMU on Liz Berg's Show on 6/13/2008,Cryptacize,Pop,Heaven Is Human,170
3533,003533.mp3,Live at WFMU on Liz Berg's Show on 6/13/2008,Cryptacize,Pop,New Spell,242
3534,003534.mp3,Live at WFMU on Liz Berg's Show on 6/13/2008,Cryptacize,Pop,Cosmic Sing-a-long,130
3535,003535.mp3,Live at WFMU on Liz Berg's Show on 6/13/2008,Cryptacize,Pop,No Coins,208
3536,003536.mp3,Live at WFMU on Liz Berg's Show on 6/13/2008,Cryptacize,Pop,Jail & Mane,188
3537,003537.mp3,Live at WFMU on Liz Berg's Show on 6/13/2008,Cryptacize,Pop,We'll Never Dream Again,247
3538,003538.mp3,Live at WFMU on Liz Berg's Show on 6/13/2008,Cryptacize,Pop,Say You Will,210
3551,003551.mp3,Live at WFMU on Joe Belock's Show on 4/12/2005,DMBQ,Rock,Part 1,169
3552,003552.mp3,Live at WFMU on Joe Belock's Show on 4/12/2005,DMBQ,Rock,Part 2,302
3557,003557.mp3,Live at WFMU on OCDJ's Show on 7/23/2003,Dan Deacon,Electronic,My Name Is Robert,76
3558,003558.mp3,Live at WFMU on OCDJ's Show on 7/23/2003,Dan Deacon,Electronic,Goose On The Loose Pt II,345
3559,003559.mp3,Live at WFMU on OCDJ's Show on 7/23/2003,Dan Deacon,Electronic,My Own Face is F Word,320
3560,003560.mp3,Live at WFMU on OCDJ's Show on 7/23/2003,Dan Deacon,Electronic,30 From 21Through 35,101
3561,003561.mp3,Live at WFMU on OCDJ's Show on 7/23/2003,Dan Deacon,Electronic,The Hous I Was Isn't My Girlfriends Porsche,297
3563,003563.mp3,Live at WFMU on OCDJ's Show on 7/23/2003,Dan Deacon,Electronic,Sine Wave With Vocals,130
3564,003564.mp3,Live at WFMU on OCDJ's Show on 7/23/2003,Dan Deacon,Electronic,George Washinghands Pt II,453
3566,003566.mp3,Live at WFMU on OCDJ's Show on 7/23/2003,Dan Deacon,Electronic,Electronics With Bari Sax,186
3567,003567.mp3,Live at WFMU on OCDJ's Show on 7/23/2003,Dan Deacon,Electronic,How Much Pudding Can Tomy Handle,232
3568,003568.mp3,Live at WFMU on OCDJ's Show on 7/23/2003,Dan Deacon,Electronic,50 From 36 Through 70,168
3569,003569.mp3,Live at WFMU on OCDJ's Show on 7/23/2003,Dan Deacon,Electronic,This Crazy Mouse Won't Leave Me Alone,216
3570,003570.mp3,Live at WFMU on OCDJ's Show on 7/23/2003,Dan Deacon,Electronic,6 From 1 Through 20,452
3571,003571.mp3,Live at WFMU on OCDJ's Show on 7/23/2003,Dan Deacon,Electronic,Song For Dina,265
3572,003572.mp3,Live at WFMU on OCDJ's Show on 7/23/2003,Dan Deacon,Electronic,Aerosmith's Perminent Vacation,319
3573,003573.mp3,Live at WFMU on OCDJ's Show on 7/23/2003,Dan Deacon,Electronic,Piggled,235
3574,003574.mp3,Live at WFMU on OCDJ's Show on 7/23/2003,Dan Deacon,Electronic,I'm Sorry Brian Wilson,540
3579,003579.mp3,Live at WFMU on Joe Belock's Show on 9/27/2001,Dead Moon,Rock,40 Miles of Bad Road,194
3580,003580.mp3,Live at WFMU on Joe Belock's Show on 9/27/2001,Dead Moon,Rock,Dead Moon Night,355
3581,003581.mp3,Live at WFMU on Joe Belock's Show on 9/27/2001,Dead Moon,Rock,Down the Road,188
3582,003582.mp3,Live at WFMU on Joe Belock's Show on 9/27/2001,Dead Moon,Rock,Johnny's Got a Gun,160
3583,003583.mp3,Live at WFMU on Joe Belock's Show on 9/27/2001,Dead Moon,Rock,Sabotage,122
3584,003584.mp3,Live at WFMU on Joe Belock's Show on 9/27/2001,Dead Moon,Rock,Spectacle,140
3585,003585.mp3,Live at WFMU on Joe Belock's Show on 9/27/2001,Dead Moon,Rock,These Times With You,203
3598,003598.mp3,Live at WFMU 10/30/07 on Hatch's Show,Ed Askew,Folk,Little Eyes,139
3603,003603.mp3,Live at WFMU on Stork's Show on 7/21/1996,Emma Peel,Rock,Houdini,199
3604,003604.mp3,Live at WFMU on Stork's Show on 7/21/1996,Emma Peel,Rock,I Love You Go Away,261
3606,003606.mp3,Live at WFMU on Stork's Show on 7/21/1996,Emma Peel,Rock,I Want,230
3609,003609.mp3,Live at WFMU on Stork's Show on 7/21/1996,Emma Peel,Rock,Watch Me Do This,193
3612,003612.mp3,Live at WFMU on Evan Davies's Show on 9/16/2008,Fallen Leaves,Rock,Did You See Her,173
3613,003613.mp3,Live at WFMU on Evan Davies's Show on 9/16/2008,Fallen Leaves,Rock,All That You Choose,140
3614,003614.mp3,Live at WFMU on Evan Davies's Show on 9/16/2008,Fallen Leaves,Rock,Go Wow,148
3616,003616.mp3,Live at WFMU on Evan Davies's Show on 9/16/2008,Fallen Leaves,Rock,Charity Girl,124
3618,003618.mp3,Live at WFMU on Evan Davies's Show on 9/16/2008,Fallen Leaves,Rock,Happy Times,246
3620,003620.mp3,Live at WFMU on Evan Davies's Show on 9/16/2008,Fallen Leaves,Rock,Shining,322
3624,003624.mp3,Live at WFMU on Evan Davies's Show on 9/16/2008,Fallen Leaves,Rock,Days of Summer,184
3626,003626.mp3,Live at WFMU on Terre T's Show on 11/15/2008,The Feeling of Love,Rock,You re Better Than a Dog Detective,156
3638,003638.mp3,Live at WFMU on Terre T's Show on 11/15/2003,Frigg A Go Go (F.A.G.G.),Rock,Burnin Hell Blues,167
3681,003681.mp3,Hank IV Live at WFMU on Brian's Show on 11/18/2008,Hank IV,Rock,Sorry About The Boat Race,327
3696,003696.mp3,Live at WFMU on Brian Turner's Show on 12/6/2005,Hank IV,Rock,Tonight We Ride,294
3698,003698.mp3,Hank IV Live at WFMU on Brian's Show on 11/18/2008,Hank IV,Rock,Symptomatic,245
3707,003707.mp3,Live at WFMU on Brian Turner's Show on 7/26/2005,Gary Higgins,Folk,Stable the Spuds,341
3708,003708.mp3,Live at WFMU on Brian Turner's Show on 7/26/2005,Gary Higgins,Folk,Thicker Than A Smokey,245
3720,003720.mp3,Live at WFMU on Liz B's Show on 7/7/2008,Indian Jewelry,Rock,Walking on the Water,240
3721,003721.mp3,Live at WFMU on Liz B's Show on 7/7/2008,Indian Jewelry,Rock,Pow Wow,318
3722,003722.mp3,Live at WFMU on Liz B's Show on 7/7/2008,Indian Jewelry,Rock,Swans,202
3723,003723.mp3,Live at WFMU on Liz B's Show on 7/7/2008,Indian Jewelry,Rock,Nunnery,323
3724,003724.mp3,Live at WFMU on Liz B's Show on 7/7/2008,Indian Jewelry,Rock,Temporary Famine Ship,370
3725,003725.mp3,Live at WFMU on Liz B's Show on 7/7/2008,Indian Jewelry,Rock,West Alabama,289
3727,003727.mp3,Live at WFMU on Airborne Event 6/8/2008,Japanische Kampfhorspiele,Rock,Zieh Die Jacke Falschrum An / Schwanzverglisse,175
3761,003761.mp3,Live at WFMU on Brian Turner's Show on 4/22/2003,Kinski,Rock,Improv,257
3762,003762.mp3,Live at WFMU on Brian Turner's Show on 4/22/2003,Kinski,Rock,Snowy Parts of Scandinavia,541
3763,003763.mp3,Live at WFMU on Brian Turner's Show on 4/22/2003,Kinski,Rock,Shelley Winters Overdrive,180
3765,003765.mp3,Live at WFMU on Brian Turner's Show on 4/22/2003,Kinski,Rock,Waves of Second Guessing,444
3766,003766.mp3,Live at WFMU on Brian Turner's Show on 4/22/2003,Kinski,Rock,Rhode Island Freakout,282
3775,003775.mp3,Live at WFMU on Rob Weisberg's Show on 10/18/2008,La Troba Kung-Fu,International,Cumbia Infierno,594
3776,003776.mp3,Live at WFMU on Rob Weisberg's Show on 10/18/2008,La Troba Kung-Fu,International,La Canco de Lladre,363
3777,003777.mp3,Live at WFMU on Rob Weisberg's Show on 10/18/2008,La Troba Kung-Fu,International,Volant,445
3778,003778.mp3,Live at WFMU on Rob Weisberg's Show on 10/18/2008,La Troba Kung-Fu,International,Calor Calor,258
3779,003779.mp3,Live at WFMU on Rob Weisberg's Show on 10/18/2008,La Troba Kung-Fu,International,Rock Rumba,423
3812,003812.mp3,Live at WFMU on The Cherry Blossom Clinic 2/18/2006,Leather Uppers,Rock,Sexy Time,155
3832,003832.mp3,Live at WFMU on Irene Trudel's show 10/27/2008,Lior,Folk,Bedoin Song,419
3833,003833.mp3,Live at WFMU on Brian Turner's Show on 2/27/2001,Lightning Bolt,Rock,Track 01,316
3834,003834.mp3,Live at WFMU on Brian Turner's Show on 2/27/2001,Lightning Bolt,Rock,Track 02,525
3835,003835.mp3,Live at WFMU on Brian Turner's Show on 2/27/2001,Lightning Bolt,Rock,Track 03,469
3836,003836.mp3,Live at WFMU on Brian Turner's Show on 2/27/2001,Lightning Bolt,Rock,Track 04,301
3839,003839.mp3,Live at WFMU on Brian Turner's Show on 2/27/2001,Lightning Bolt,Rock,Track 07,499
3840,003840.mp3,Live at WFMU on Brian Turner's Show on 2/27/2001,Lightning Bolt,Rock,Track 08,489
3842,003842.mp3,Live at WFMU on Brian Turner's Show on 2/14/2006,Little Howlin' Wolf,Blues,Shes Too Fat,536
3854,003854.mp3,Live at WFMU on Liz B's Show on 7/14/2008,Los Fancy Free,Rock,Mother,316
3855,003855.mp3,Live at WFMU on Liz B's Show on 7/14/2008,Los Fancy Free,Rock,High Society,230
3856,003856.mp3,Live at WFMU on Liz B's Show on 7/14/2008,Los Fancy Free,Rock,Hope,236
3857,003857.mp3,Live at WFMU on Liz B's Show on 7/14/2008,Los Fancy Free,Rock,Fear,197
3859,003859.mp3,Live at WFMU on Liz B's Show on 7/14/2008,Los Fancy Free,Rock,Beatle Suit & Purple Boots,277
3861,003861.mp3,Live at WFMU on Liz B's Show on 7/14/2008,Los Fancy Free,Rock,Dinosaurs,253
3862,003862.mp3,Live at WFMU on Liz B's Show on 7/14/2008,Los Fancy Free,Rock,Money Money Money,165
3863,003863.mp3,Live at WFMU on Liz B's Show on 7/14/2008,Los Fancy Free,Rock,Ja Ja Ja,243
3880,003880.mp3,Live at WFMU on Bethany's Show on 9/10/2006,Mary Halvorson and Jessica Pavone,Folk,Crawling,258
3895,003895.mp3,MetroFolk Live at Barbes on Rob Weisberg's Show 5/17/2008,MetroFolk,International,Invitita and de Cingheri from Transylvania,467
3896,003896.mp3,MetroFolk Live at Barbes on Rob Weisberg's Show 5/17/2008,MetroFolk,International,Gypsy Csardas and Men's Dances from Kalotaszeg,374
3904,003904.mp3,Live at WFMU on Hatch's Show on 12/12/2005,Michael Chapman,Folk,Sometimes,263
3905,003905.mp3,Live at WFMU on Irene Trudel's Show on 10/13/2008,Michael Chapman,Folk,Twisted Road,508
3906,003906.mp3,Live at WFMU on Irene Trudel's Show on 10/13/2008,Michael Chapman,Folk,Sometimes,264
3908,003908.mp3,Live at WFMU on Irene Trudel's Show on 10/13/2008,Michael Chapman,Folk,Caddo Lake,337
3909,003909.mp3,Live at WFMU on Irene Trudel's Show on 10/13/2008,Michael Chapman,Folk,Dewbury Road / That Time of Night,410
3910,003910.mp3,Live at WFMU on Hatch's Show on 12/12/2005,Michael Chapman,Folk,Kodak Ghosts,361
3911,003911.mp3,Live at WFMU on Irene Trudel's Show on 10/13/2008,Michael Chapman,Folk,Dust Devils,158
3912,003912.mp3,Live at WFMU on Hatch's Show on 12/12/2005,Michael Chapman,Folk,Fahey's Flag,218
3913,003913.mp3,Live at WFMU on Hatch's Show on 12/12/2005,Michael Chapman,Folk,Memhpis in Winter,388
3915,003915.mp3,Live at WFMU on Irene Trudel's Show on 9/10/2007,Michael Holt,Folk,Private Hearts,235
3919,003919.mp3,Live at WFMU on Irene Trudel's Show on 9/10/2007,Michael Holt,Folk,Green Water,184
3920,003920.mp3,Live at WFMU on Irene Trudel's Show on 9/10/2007,Michael Holt,Folk,Fragrant Rota,194
3921,003921.mp3,Live at WFMU on Irene Trudel's Show on 9/10/2007,Michael Holt,Folk,Hiawatha's Lullaby,157
3923,003923.mp3,Live at WFMU on Scott's Show on 11/9/2001,Mink Lungs,Rock,Swaggart,310
3924,003924.mp3,Live at WFMU on Scott's Show on 5/26/2000,Mink Lungs,Rock,Medley - Ultimate Slumber Party,377
3929,003929.mp3,Live at WFMU on Scott's Show on 5/26/2000,Mink Lungs,Rock,Sensual Pleasure,123
3932,003932.mp3,Live at WFMU on Scott's Show on 11/9/2001,Mink Lungs,Rock,Synthesizer Baby,142
3933,003933.mp3,Live at WFMU on Scott's Show on 11/9/2001,Mink Lungs,Rock,Hopes Up High,212
3934,003934.mp3,Live at WFMU on Scott's Show on 11/9/2001,Mink Lungs,Rock,Black Balloon,152
3936,003936.mp3,Live at WFMU on Scott's Show on 11/9/2001,Mink Lungs,Rock,Who Loves You Dear,130
3939,003939.mp3,Live at WFMU on Scott's Show on 11/9/2001,Mink Lungs,Rock,Flying Saucers Homes,212
3941,003941.mp3,Live at WFMU on Joe Belock's Show 8/14/2008,Miss Chain and the Broken Heels,Rock,My Gang,96
3942,003942.mp3,Live at WFMU on Joe Belock's Show 8/14/2008,Miss Chain and the Broken Heels,Rock,Heartsick,148
3943,003943.mp3,Live at WFMU on Joe Belock's Show 8/14/2008,Miss Chain and the Broken Heels,Rock,He's Your Boy (but could be mine),139
3944,003944.mp3,Live at WFMU on Joe Belock's Show 8/14/2008,Miss Chain and the Broken Heels,Rock,Lie,184
3945,003945.mp3,Live at WFMU on Joe Belock's Show 8/14/2008,Miss Chain and the Broken Heels,Rock,Searchers,150
3946,003946.mp3,Live at WFMU on Joe Belock's Show 8/14/2008,Miss Chain and the Broken Heels,Rock,Boys and Girls,182
3947,003947.mp3,Live at WFMU on Joe Belock's Show 8/14/2008,Miss Chain and the Broken Heels,Rock,Up All Night,150
3948,003948.mp3,Live at WFMU on Joe Belock's Show 8/14/2008,Miss Chain and the Broken Heels,Rock,Common Shell,143
3950,003950.mp3,Live at WFMU of Joe Belock's Show 6/19/2008,Miss Derringer,Rock,Click Click Bang Bang,150
3951,003951.mp3,Live at WFMU of Joe Belock's Show 6/19/2008,Miss Derringer,Rock,Bullet Proof Heart,170
3952,003952.mp3,Live at WFMU of Joe Belock's Show 6/19/2008,Miss Derringer,Rock,Death By Desire,185
3953,003953.mp3,Live at WFMU of Joe Belock's Show 6/19/2008,Miss Derringer,Rock,Tonight I've Got a Bottle,236
3954,003954.mp3,Live at WFMU of Joe Belock's Show 6/19/2008,Miss Derringer,Rock,He Hung On A Sunday,241
3955,003955.mp3,Live at WFMU of Joe Belock's Show 6/19/2008,Miss Derringer,Rock,Black Tears,231
3956,003956.mp3,Live at WFMU of Joe Belock's Show 6/19/2008,Miss Derringer,Rock,Better Run Away From Me,158
3957,003957.mp3,Live at WFMU of Joe Belock's Show 6/19/2008,Miss Derringer,Rock,unititlednew,211
3958,003958.mp3,Live at WFMU of Joe Belock's Show 6/19/2008,Miss Derringer,Rock,Train Wreck Blues,146
3959,003959.mp3,Live at WFMU of Joe Belock's Show 6/19/2008,Miss Derringer,Rock,I Close My Eyes,167
3960,003960.mp3,Live at WFMU of Joe Belock's Show 6/19/2008,Miss Derringer,Rock,InterviewPortion,406
3973,003973.mp3,Live at WFMU on the Cherry Blossom Clinic 9/6/2002,Modey Lemon,Rock,Big Bang,196
3974,003974.mp3,Live at WFMU on The Cherry Blossom Clinic 4/29/2006,Modey Lemon,Rock,Mountain Mist,295
3975,003975.mp3,Live at WFMU on the Cherry Blossom Clinic 9/6/2002,Modey Lemon,Rock,Crows,168
3976,003976.mp3,Live at WFMU on the Cherry Blossom Clinic 9/6/2002,Modey Lemon,Rock,Enemy,226
3981,003981.mp3,Live at WFMU on The Cherry Blossom Clinic 4/29/2006,Modey Lemon,Rock,Sleepwalkers,255
3983,003983.mp3,Live at WFMU on the Cherry Blossom Clinic 9/6/2002,Modey Lemon,Rock,Coffin Talk,349
3985,003985.mp3,Live at WFMU on the Cherry Blossom Clinic 9/6/2002,Modey Lemon,Rock,Thunder + Lightning,134
3986,003986.mp3,Live at WFMU on the Cherry Blossom Clinic 9/6/2002,Modey Lemon,Rock,Jesus Christ for Dinner,360
3989,003989.mp3,Live at WFMU on The Cherry Blossom Clinic 4/29/2006,Modey Lemon,Rock,Not to Touch the Earth,260
4004,004004.mp3,Live at WFMU on Liz Berg's Show on 9/15/2008,Mors Ontologica,Rock,Born To Lose,153
4013,004013.mp3,Live at WFMU on Irene Trudel's Show on 3/31/2008,Nalle,Folk,Ravens,353
4014,004014.mp3,Live at WFMU on Irene Trudel's Show on 3/31/2008,Nalle,Folk,Voi Ruusuni & Alice's Ladder,520
4017,004017.mp3,Live at WFMU on Irene Trudel's Show on 3/31/2008,Nalle,Folk,New Roots,403
4022,004022.mp3,Live at WFMU on Brian Turner's Show on 5/27/2008,Negative Approach,Rock,Can't Tell No One,79
4024,004024.mp3,Live at WFMU on Brian Turner's Show on 5/27/2008,Negative Approach,Rock,Hypocrite,101
4025,004025.mp3,Live at WFMU on Brian Turner's Show on 5/27/2008,Negative Approach,Rock,Dead Stop,148
4027,004027.mp3,Live at WFMU on Brian Turner's Show on 5/27/2008,Negative Approach,Rock,Tied Down,84
4028,004028.mp3,Live at WFMU on Brian Turner's Show on 5/27/2008,Negative Approach,Rock,Evacuate,138
4029,004029.mp3,Live at WFMU on Brian Turner's Show on 5/27/2008,Negative Approach,Rock,Your Mistake,103
4032,004032.mp3,Live at WFMU on Brian Turner's Show on 5/27/2008,Negative Approach,Rock,Nothing,105
4033,004033.mp3,Live at WFMU on Brian Turner's Show on 5/27/2008,Negative Approach,Rock,Borstal Breakout (Sham 69),124
4034,004034.mp3,Live at WFMU on Brian Turner's Show on 5/27/2008,Negative Approach,Rock,Never Surrender (Blitz),77
4035,004035.mp3,Live at WFMU on Brian Turner's Show on 5/27/2008,Negative Approach,Rock,Solitary Confinement,149
4037,004037.mp3,Live at WFMU on Irene Trudel's Show 11/10/08,Neil Halstead,Folk,Oh! Mighty Engine,315
4038,004038.mp3,Live at WFMU on Terre T's show 11/8/2008,Nightingales,Rock,Born Again in Birmingham,266
4042,004042.mp3,Live at WFMU on Terre T's show 11/8/2008,Nightingales,Rock,The Best of British Luck,182
4043,004043.mp3,Live at WFMU on Terre T's show 11/8/2008,Nightingales,Rock,Belgian John,142
4044,004044.mp3,Live at WFMU on Terre T's show 11/8/2008,Nightingales,Rock,Little Lambs,163
4045,004045.mp3,Live at WFMU on Terre T's show 11/8/2008,Nightingales,Rock,Dick the Do Goods,296
4066,004066.mp3,Live at WFMU on Irene Trudel's Show on 6/9/2008,Peter Walker,Folk,Soleade,255
4067,004067.mp3,Live at WFMU on Irene Trudel's Show on 6/9/2008,Peter Walker,Folk,Por Rosa,273
4068,004068.mp3,Live at WFMU on Irene Trudel's Show on 6/9/2008,Peter Walker,Folk,Alegrias Variation,341
4069,004069.mp3,Live at WFMU on Irene Trudel's Show on 6/9/2008,Peter Walker,Folk,Tune on Karen Dalton's Guitar,233
4070,004070.mp3,Pistolera Live at Barbes on Rob Weisberg's Show 5/17/2008,Pistolera,International,Nuevos Ojos,259
4071,004071.mp3,Pistolera Live at Barbes on Rob Weisberg's Show 5/17/2008,Pistolera,International,Mentirosas,227
4072,004072.mp3,Pistolera Live at Barbes on Rob Weisberg's Show 5/17/2008,Pistolera,International,Tatuaje,148
4073,004073.mp3,Pistolera Live at Barbes on Rob Weisberg's Show 5/17/2008,Pistolera,International,Policia,197
4074,004074.mp3,Pistolera Live at Barbes on Rob Weisberg's Show 5/17/2008,Pistolera,International,Vieja,245
4075,004075.mp3,Pistolera Live at Barbes on Rob Weisberg's Show 5/17/2008,Pistolera,International,Un Momento,268
4076,004076.mp3,Pistolera Live at Barbes on Rob Weisberg's Show 5/17/2008,Pistolera,International,No te Olvidare,216
4077,004077.mp3,Pistolera Live at Barbes on Rob Weisberg's Show 5/17/2008,Pistolera,International,Algo Pa que te Olvides,195
4078,004078.mp3,Pistolera Live at Barbes on Rob Weisberg's Show 5/17/2008,Pistolera,International,No Suspires,205
4079,004079.mp3,Pistolera Live at Barbes on Rob Weisberg's Show 5/17/2008,Pistolera,International,Extranjero,296
4080,004080.mp3,Pistolera Live at Barbes on Rob Weisberg's Show 5/17/2008,Pistolera,International,Cazador,236
4084,004084.mp3,Live at WFMU on Rob L's Show on 12/12/2003,Plastic Crimewave Sound,Rock,Korean Ghost Ship,458
4091,004091.mp3,Polka Madre Live at WFMU on Rob Weisberg's Show on 9/6/2008,Polka Madre,International,1864,173
4092,004092.mp3,Polka Madre Live at WFMU on Rob Weisberg's Show on 9/6/2008,Polka Madre,International,Nina Olga Vodka,159
4093,004093.mp3,Polka Madre Live at WFMU on Rob Weisberg's Show on 9/6/2008,Polka Madre,International,Amsterdam,200
4094,004094.mp3,Polka Madre Live at WFMU on Rob Weisberg's Show on 9/6/2008,Polka Madre,International,Vida Propia,157
4095,004095.mp3,Polka Madre Live at WFMU on Rob Weisberg's Show on 9/6/2008,Polka Madre,International,Funeral Brahms,222
4096,004096.mp3,Polka Madre Live at WFMU on Rob Weisberg's Show on 9/6/2008,Polka Madre,International,La Fin Du Monde,195
4097,004097.mp3,Polka Madre Live at WFMU on Rob Weisberg's Show on 9/6/2008,Polka Madre,International,Clammy Hands,183
4098,004098.mp3,Polka Madre Live at WFMU on Rob Weisberg's Show on 9/6/2008,Polka Madre,International,Russo Trap,141
4099,004099.mp3,Polka Madre Live at WFMU on Rob Weisberg's Show on 9/6/2008,Polka Madre,International,Stalin's Head,205
4100,004100.mp3,Polka Madre Live at WFMU on Rob Weisberg's Show on 9/6/2008,Polka Madre,International,Gitanas Mojadas,184
4101,004101.mp3,Polka Madre Live at WFMU on Rob Weisberg's Show on 9/6/2008,Polka Madre,International,Karjalainen Tanssi,127
4102,004102.mp3,Polka Madre Live at WFMU on Rob Weisberg's Show on 9/6/2008,Polka Madre,International,Herasinkuoleena,201
4103,004103.mp3,Polka Madre Live at WFMU on Rob Weisberg's Show on 9/6/2008,Polka Madre,International,Circo Del Siglo,261
4104,004104.mp3,Live at WFMU on Brian Turner's Show on 12/18/2007,Psychedelic Horseshit,Rock,Like a Rolling Stone (Aborted),121
4105,004105.mp3,Live at WFMU on Brian Turner's Show on 12/18/2007,Psychedelic Horseshit,Rock,C Song,110
4108,004108.mp3,Live at WFMU on Brian Turner's Show on 12/18/2007,Psychedelic Horseshit,Rock,New Wave Hippies,132
4109,004109.mp3,Live at WFMU on Brian Turner's Show on 12/18/2007,Psychedelic Horseshit,Rock,Country Punk,94
4110,004110.mp3,Live at WFMU on Brian Turner's Show on 12/18/2007,Psychedelic Horseshit,Rock,Quasar,97
4111,004111.mp3,Live at WFMU on Brian Turner's Show on 12/18/2007,Psychedelic Horseshit,Rock,Bad Vibrations,156
4112,004112.mp3,Live at WFMU on Brian Turner's Show on 12/18/2007,Psychedelic Horseshit,Rock,Can't Get Enough,97
4119,004119.mp3,Live at WFMU on Stork's Show on 12/24/1995,Quintron,Rock,Organ Music II,305
4125,004125.mp3,Razor Bois Live at WFMU on Pat Duncan's Show on 6/12/2008,Razor Bois,Rock,Unity or Nothing,122
4126,004126.mp3,Razor Bois Live at WFMU on Pat Duncan's Show on 6/12/2008,Razor Bois,Rock,I Was a Clockwork Skinhead,115
4133,004133.mp3,Razor Bois Live at WFMU on Pat Duncan's Show on 6/12/2008,Razor Bois,Rock,Disco Kid,141
4158,004158.mp3,Live at WFMU on Terre T's Show on 1/14/2006,Roxy Pain,Rock,Middle East,415
4159,004159.mp3,Live at WFMU on Terre T's Show on 1/14/2006,Roxy Pain,Rock,Rainbow In the Dark,238
4160,004160.mp3,Live at WFMU on Terre T's Show on 1/14/2006,Roxy Pain,Rock,Black Metal,296
4161,004161.mp3,Live at WFMU on Terre T's Show on 1/14/2006,Roxy Pain,Rock,An Obvious Plot We Can't Stop,335
4167,004167.mp3,Live at WFMU on Scott's Show on 8/11/2000,ST37,Rock,Whistling in Hell,318
4170,004170.mp3,"Live at WFMU on The Long Rally with Scott M, Show on 7/16/2008",The Shamblers,Rock,Action Pants Rough,116
4172,004172.mp3,"Live at WFMU on The Long Rally with Scott M, Show on 7/16/2008",The Shamblers,Rock,Dog Jobs,60
4176,004176.mp3,"Live at WFMU on The Long Rally with Scott M, Show on 7/16/2008",The Shamblers,Rock,Teenage Belly Dancer,157
4181,004181.mp3,"Live at WFMU on The Long Rally with Scott M, Show on 7/16/2008",The Shamblers,Rock,Skate Park,71
4186,004186.mp3,"Live at WFMU on The Long Rally with Scott M, Show on 7/16/2008",The Shamblers,Rock,Monster Truck,147
4193,004193.mp3,Live at WFMU on Brian Turner's Show on 11/6/2007,Sic Alps,Rock,Gruxxe Bathe Ballade,108
4194,004194.mp3,Live at WFMU on Brian Turner's Show on 11/6/2007,Sic Alps,Rock,Brill Building,158
4195,004195.mp3,Live at WFMU on Brian Turner's Show on 11/6/2007,Sic Alps,Rock,Mater,141
4197,004197.mp3,Live at WFMU on Brian Turner's Show on 11/6/2007,Sic Alps,Rock,A Story Over There,87
4198,004198.mp3,Live at WFMU on Brian Turner's Show on 11/6/2007,Sic Alps,Rock,Latin,142
4201,004201.mp3,Live at WFMU on Brian Turner's Show on 11/6/2007,Sic Alps,Rock,Semi-Streets,214
4202,004202.mp3,Live at WFMU on Brian Turner's Show on 11/6/2007,Sic Alps,Rock,I Know Where the Madness Goes,281
4214,004214.mp3,Live at WFMU on Terre T's Show on 8/23/2008,Skybombers,Rock,"Time, Money, and Me",154
4215,004215.mp3,Live at WFMU on Terre T's Show on 8/23/2008,Skybombers,Rock,It Goes Off,185
4216,004216.mp3,Live at WFMU on Terre T's Show on 8/23/2008,Skybombers,Rock,On and On,185
4217,004217.mp3,Live at WFMU on Terre T's Show on 8/23/2008,Skybombers,Rock,Always Complaining,154
4218,004218.mp3,Live at WFMU on Terre T's Show on 8/23/2008,Skybombers,Rock,6 AM,130
4219,004219.mp3,Live at WFMU on Terre T's Show on 8/23/2008,Skybombers,Rock,Reason 2 Live,199
4232,004232.mp3,Live at WFMU on Rob Weisberg's Show on 4/7/2007,The Sounds of Taraab,International,Bowmazan Ya Mahaba  Bi Kidude song,393
4233,004233.mp3,Live at WFMU on Rob Weisberg's Show on 4/7/2007,The Sounds of Taraab,International,Interview,307
4234,004234.mp3,Live at WFMU on Rob Weisberg's Show on 4/7/2007,The Sounds of Taraab,International,Mapenzi Matamu,317
4235,004235.mp3,Live at WFMU on Rob Weisberg's Show on 4/7/2007,The Sounds of Taraab,International,Kanilemaza  Ikhwani Safaa,557
4236,004236.mp3,Live at WFMU on Rob Weisberg's Show on 4/7/2007,The Sounds of Taraab,International,Enyi Wana Damu  Sharmila and Black Star Orchestra,307
4239,004239.mp3,Live at WFMU on Rob Weisberg's Show on 4/7/2007,The Sounds of Taraab,International,Shishituki,294
4264,004264.mp3,Live at WFMU on Pat Duncan's Show on 4/25/2008,SUX,Rock,If God Played Punk Rock He'd Want To Be In SUX,139
4267,004267.mp3,Live at WFMU on Pat Duncan's Show on 4/25/2008,SUX,Rock,What I Did On My Vacation,121
4275,004275.mp3,Live at WFMU on Pat Duncan's Show on 4/25/2008,SUX,Rock,Magic Fairy Poof Dust,199
4276,004276.mp3,Live at WFMU on Pat Duncan's Show on 4/25/2008,SUX,Rock,King Kong Went To Hong Kong To PLay Pink Pong With His Ding Dong,134
4284,004284.mp3,Live at WFMU on Pat Duncan's Show 11/20/08,The Bristles,Rock,Destroyed,184
4285,004285.mp3,Live at WFMU on Terre T's Show on 6/7/2002,Coachwhips,Rock,Purse Peekin',117
4297,004297.mp3,Live at WFMU on Terre T's Show on 10/6/2007,The Cynics,Rock,Took Her Hand,157
4298,004298.mp3,Live at WFMU on Terre T's Show on 7/29/2006,The Cynics,Rock,I Want You,175
4299,004299.mp3,Live at WFMU on Terre T's Show on 10/6/2007,The Cynics,Rock,Slide Over,224
4300,004300.mp3,Live at WFMU on Terre T's Show on 10/6/2007,The Cynics,Rock,Now I'm Alone,145
4302,004302.mp3,Live at WFMU on Terre T's Show on 7/29/2006,The Cynics,Rock,All These Streets,166
4309,004309.mp3,Live at WFMU on Terre T's Show on 7/29/2006,The Cynics,Rock,Useless,138
4310,004310.mp3,Live at WFMU on Terre T's Show on 10/6/2007,The Cynics,Rock,Yeah,209
4311,004311.mp3,Live at WFMU on Terre T's Show on 10/6/2007,The Cynics,Rock,Here We Are,251
4312,004312.mp3,Live at WFMU on Terre T's Show on 7/29/2006,The Cynics,Rock,Right Here,151
4313,004313.mp3,Live at WFMU on Terre T's Show on 10/6/2007,The Cynics,Rock,The Warning,242
4316,004316.mp3,Live at WFMU on Terre T's Show on 10/6/2007,The Cynics,Rock,Intro,183
4330,004330.mp3,Live at WFMU on Terre T's Show on 9/20/2003,The Embrooks,Rock,Standing Upside Down,185
4332,004332.mp3,Live at WFMU on Terre T's Show on 9/20/2003,The Embrooks,Rock,Feel Like Flying,165
4333,004333.mp3,Live at WFMU on Terre T's Show on 9/20/2003,The Embrooks,Rock,Happy Fickle Girl,255
4346,004346.mp3,Live at WFMU on Joe Belock's Show on 5/20/2008,The Hall Monitors,Rock,Give It Up,150
4348,004348.mp3,Live at WFMU on Joe Belock's Show on 5/20/2008,The Hall Monitors,Rock,Girls,164
4363,004363.mp3,Live at WFMU on Cherry Blossom Clinic with Terre T's Show on 11/15/2002,Means,Rock,Summer Breeze,249
4368,004368.mp3,Live at WFMU on Cherry Blossom Clinic with Terre T's Show on 11/15/2002,Means,Rock,Consider Yourself a Hero,166
4391,004391.mp3,Live at WFMU on Evan Davies's Show on 6/24/2008,The Pets,Rock,I Want Fun,136
4394,004394.mp3,Live at WFMU on Evan Davies's Show on 6/24/2008,The Pets,Rock,Blame It On The Kids,185
4396,004396.mp3,Live at WFMU on Evan Davies's Show on 6/24/2008,The Pets,Rock,Paper Plane,173
4400,004400.mp3,Live at WFMU on Brian Turner's Show on 3/25/2008,The Rebel,Rock,Kissing and Touching the Void Hem of the Cloth/Fuck Syngenta,395
4401,004401.mp3,Live at WFMU on Brian Turner's Show on 3/25/2008,The Rebel,Rock,Bums On a Rock,260
4403,004403.mp3,Live at WFMU on Brian Turner's Show on 3/25/2008,The Rebel,Rock,Iran's Nuclear Threat,239
4407,004407.mp3,Live at WFMU on Brian Turner's Show on 3/25/2008,The Rebel,Rock,Why Must I Pay?,201
4408,004408.mp3,Live at WFMU on Brian Turner's Show on 3/25/2008,The Rebel,Rock,Civilian Life,290
4409,004409.mp3,Live at WFMU on Brian Turner's Show on 3/25/2008,The Rebel,Rock,Turtle V. Octopus,230
4410,004410.mp3,Live at WFMU on Brian Turner's Show on 3/25/2008,The Rebel,Rock,Life Is a Rehearsal,406
4432,004432.mp3,Live at WFMU on Terre T's Show on 1/24/2004,The Tokeleys,Rock,Roman War Heroes,246
4443,004443.mp3,Live at WFMU on Diane's Show on 11/6/2008,Triclops!,Rock,Glaciers,542
4444,004444.mp3,Live at WFMU on Bethany Ryker's Show on 10/5/2008,Twi the Humble Feather,Folk,The Red Castle,585
4445,004445.mp3,Live at WFMU on Bethany Ryker's Show on 10/5/2008,Twi the Humble Feather,Folk,Heart On Fire,82
4446,004446.mp3,Live at WFMU on Bethany Ryker's Show on 10/5/2008,Twi the Humble Feather,Folk,Seasons,244
4450,004450.mp3,Live at WFMU on Bethany Ryker's Show on 10/5/2008,Twi the Humble Feather,Folk,Adventures of Castle One,241
4463,004463.mp3,Live at WFMU on Terre T's Show on 10/18/2008,Urinals,Rock,Black Hole,91
4466,004466.mp3,Live at WFMU on Terre T's Show on 10/18/2008,Urinals,Rock,Sex,64
4468,004468.mp3,Live at WFMU on Terre T's Show on 10/18/2008,Urinals,Rock,I'm a Bug,83
4469,004469.mp3,Live at WFMU on Terre T's Show on 10/18/2008,Urinals,Rock,Strip Club,175
4484,004484.mp3,Voice or No Voice Live at WFMU on Pat Duncan's Show on 6/12/2008,Voice or No Voice,Rock,Shot in the foot,145
4490,004490.mp3,Voice or No Voice Live at WFMU on Pat Duncan's Show on 6/12/2008,Voice or No Voice,Rock,Time Traveling,212
4492,004492.mp3,Voice or No Voice Live at WFMU on Pat Duncan's Show on 6/12/2008,Voice or No Voice,Rock,American Dream,213
4499,004499.mp3,Live at WFMU on Liz Berg's Show on 11/5/2007,We Are the Arm,Rock,Sweet and Sour Dreams,332
4500,004500.mp3,Live at WFMU on Evan Davies's Show on 4/10/2007,White Hills,Rock,Radiate,342
4501,004501.mp3,Live at WFMU on Evan Davies's Show on 4/10/2007,White Hills,Rock,Love Serve Remember,550
4507,004507.mp3,Yan Yalego Live at Barbes on Rob Weisberg's Show 5/17/2008,Yan Yalego,International,Mon Amant de St. Jean,237
4508,004508.mp3,Yan Yalego Live at Barbes on Rob Weisberg's Show 5/17/2008,Yan Yalego,International,Five Foot Two,277
4509,004509.mp3,Yan Yalego Live at Barbes on Rob Weisberg's Show 5/17/2008,Yan Yalego,International,Haricots,215
4510,004510.mp3,Yan Yalego Live at Barbes on Rob Weisberg's Show 5/17/2008,Yan Yalego,International,no title,238
4511,004511.mp3,Yan Yalego Live at Barbes on Rob Weisberg's Show 5/17/2008,Yan Yalego,International,Petit 'n Mwen,313
4519,004519.mp3,Live at WFMU on Marty McSorely's Show on 10/28/2008,High Places,Electronic,Golden,117
4520,004520.mp3,Live at WFMU on Marty McSorely's Show on 10/28/2008,High Places,Electronic,From Stardust to Sentience,199
4521,004521.mp3,Live at WFMU on Marty McSorely's Show on 10/28/2008,High Places,Electronic,Namer,184
4522,004522.mp3,Live at WFMU on Marty McSorely's Show on 10/28/2008,High Places,Electronic,Oceanus,259
4536,004536.mp3,Live at WFMU on Trouble's Show on 6/19/2008,Wildbirds and Peacedrums,Blues,I Can't Tell In His Eyes,280
4537,004537.mp3,Live at WFMU on Trouble's Show on 6/19/2008,Wildbirds and Peacedrums,Blues,The Window,226
4538,004538.mp3,Live at WFMU on Trouble's Show on 6/19/2008,Wildbirds and Peacedrums,Blues,There Is No Light,172
4539,004539.mp3,Live at WFMU on Trouble's Show on 6/19/2008,Wildbirds and Peacedrums,Blues,Lost Love,233
4540,004540.mp3,Live at WFMU on Trouble's Show on 6/19/2008,Wildbirds and Peacedrums,Blues,Doubt/Hope,183
4682,004682.mp3,Live at WFMU on Mike's Show on 9/25/2004,Dälek,Hip-Hop,Asylum (Permanent Underclass),337
4683,004683.mp3,Live at WFMU on Mike's Show on 9/25/2004,Dälek,Hip-Hop,In the Midst of Struggle,386
4684,004684.mp3,Live at WFMU on Mike's Show on 9/25/2004,Dälek,Hip-Hop,Eyes to Form Shadows,392
4685,004685.mp3,Live at WFMU on Mike's Show on 9/25/2004,Dälek,Hip-Hop,Ever Somber,332
4686,004686.mp3,Live at WFMU on Mike's Show on 9/25/2004,Dälek,Hip-Hop,Opiate the Masses,444
4687,004687.mp3,Live at WFMU on Mike's Show on 9/25/2004,Dälek,Hip-Hop,Koner,249
4688,004688.mp3,Live at WFMU on Mike's Show on 9/25/2004,Dälek,Hip-Hop,Culture for Dollars,376
4691,004691.mp3,"Live at WFMU on Dan Bodah's Show Oct 19, 2008",Dan Friel,Electronic,Desert Song,187
4692,004692.mp3,"Live at WFMU on Dan Bodah's Show Oct 19, 2008",Dan Friel,Electronic,One Legged Cowboy,177
4695,004695.mp3,"Live at WFMU on Dan Bodah's Show Oct 19, 2008",Dan Friel,Electronic,Intervention,203
4698,004698.mp3,Twacky Cats,Dan Deacon,Electronic,Arms Saloon,360
4699,004699.mp3,Twacky Cats,Dan Deacon,Electronic,Lion with a Sharks Head (demostration version),160
4700,004700.mp3,Twacky Cats,Dan Deacon,Electronic,Connor Kizer with Bead Jewelery,247
4701,004701.mp3,Twacky Cats,Dan Deacon,Electronic,When I Was Taller,136
4702,004702.mp3,Twacky Cats,Dan Deacon,Electronic,Ohio (demostration version),182
4703,004703.mp3,Live at WFMU on Talk's Cheap 12/16/2008,Barnacled,Jazz,Title,378
4704,004704.mp3,Live at WFMU on Talk's Cheap 12/16/2008,Barnacled,Jazz,Polyurethane,298
4705,004705.mp3,Live at WFMU on Talk's Cheap 12/16/2008,Barnacled,Jazz,Slappodrome,364
4707,004707.mp3,Fuck Buttons Live at ATP NY 2008,Fuck Buttons,Electronic,Bright Tomorrow (live),330
4708,004708.mp3,Fuck Buttons Live at ATP NY 2008,Fuck Buttons,Electronic,Race You To My Bedroom,290
4709,004709.mp3,Wooden Shjips Live at ATP NY 2008,Wooden Shjips,Rock,I Hear The Vibrations (live at ATP-NY '08),249
4712,004712.mp3,Wooden Shjips Live at ATP NY 2008,Wooden Shjips,Rock,Death's Not Your Friend (live at ATP-NY '08),297
4737,004737.mp3,Live at WFMU on Jeffrey Cobb's Show on 4/3/2008,Smokey Hormel,Country,Your Bound To Look Like A Monkey,170
4738,004738.mp3,Live at WFMU on Jeffrey Cobb's Show on 4/3/2008,Smokey Hormel,Country,Goofus,263
4739,004739.mp3,Live at WFMU on Jeffrey Cobb's Show on 4/3/2008,Smokey Hormel,Country,Spanish Fandango,207
4740,004740.mp3,Live at WFMU on Jeffrey Cobb's Show on 4/3/2008,Smokey Hormel,Country,Keep A Knockin,252
4741,004741.mp3,Live at WFMU on Jeffrey Cobb's Show on 4/3/2008,Smokey Hormel,Country,Get Along,222
4742,004742.mp3,Live at WFMU on Jeffrey Cobb's Show on 4/3/2008,Smokey Hormel,Country,You Dont Know My Mind,219
4743,004743.mp3,Live at WFMU on Jeffrey Cobb's Show on 4/3/2008,Smokey Hormel,Country,Crazy Crazy Crazy,181
4744,004744.mp3,Live at WFMU on Jeffrey Cobb's Show on 4/3/2008,Smokey Hormel,Country,Sheik Of Araby,237
4745,004745.mp3,Live at WFMU on Jeffrey Cobb's Show on 4/3/2008,Smokey Hormel,Country,Trash Day,237
4746,004746.mp3,Live at WFMU on Jeffrey Cobb's Show on 4/3/2008,Smokey Hormel,Country,The Three O Nine,366
4747,004747.mp3,Live at WFMU on Jeffrey Cobb's Show on 4/3/2008,Smokey Hormel,Country,The Gold Rush Is Over,222
4748,004748.mp3,Live at WFMU on Jeffrey Cobb's Show on 4/3/2008,Smokey Hormel,Country,Old,273
4749,004749.mp3,Live at WFMU on Jeffrey Cobb's Show on 4/3/2008,Smokey Hormel,Country,French Water,249
4750,004750.mp3,Live at WFMU on Jeffrey Cobb's Show on 4/3/2008,Smokey Hormel,Country,He Calls That Religion,272
4752,004752.mp3,"The Bad Trips Live WFMU SXSW Showcase at Spiro's in Austin, TX on 3/14/2008",The Bad Trips,Rock,First Priority,413
4754,004754.mp3,"Evangelista Live WFMU SXSW Showcase at Spiro's in Austin, TX on 3/14/2008",Carla Bozulich's Evangelista,Experimental,Nels' Box,199
4755,004755.mp3,"Evangelista Live WFMU SXSW Showcase at Spiro's in Austin, TX on 3/14/2008",Carla Bozulich's Evangelista,Experimental,Pissing,308
4756,004756.mp3,"Evangelista Live WFMU SXSW Showcase at Spiro's in Austin, TX on 3/14/2008",Carla Bozulich's Evangelista,Experimental,Winds of St. Anne,455
4757,004757.mp3,"Evangelista Live WFMU SXSW Showcase at Spiro's in Austin, TX on 3/14/2008",Carla Bozulich's Evangelista,Experimental,Truth Is Dark Like Outer Space,105
4759,004759.mp3,"Citay Live @ WFMU's SXSW Showcase at Spiro's in Austin, TX on 3/14/2008",Citay,Rock,Little Kingdom,389
4760,004760.mp3,Low Live at ATP-NY 9/20/2008 on WFMU,Low,Rock,Candy Girl,340
4761,004761.mp3,Low Live at ATP-NY 9/20/2008 on WFMU,Low,Rock,Murderer,303
4762,004762.mp3,Low Live at ATP-NY 9/20/2008 on WFMU,Low,Rock,Pretty People,219
4763,004763.mp3,"Citay Live @ WFMU's SXSW Showcase at Spiro's in Austin, TX on 3/14/2008",Citay,Rock,Nice Cuffs,323
4764,004764.mp3,Low Live at ATP-NY 9/20/2008 on WFMU,Low,Rock,Always Fade,297
4765,004765.mp3,"Citay Live @ WFMU's SXSW Showcase at Spiro's in Austin, TX on 3/14/2008",Citay,Rock,First Fantasy,403
4766,004766.mp3,"Citay Live @ WFMU's SXSW Showcase at Spiro's in Austin, TX on 3/14/2008",Citay,Rock,Shalom of Safed,310
4767,004767.mp3,Low Live at ATP-NY 9/20/2008 on WFMU,Low,Rock,Tonight,350
4768,004768.mp3,"Citay Live @ WFMU's SXSW Showcase at Spiro's in Austin, TX on 3/14/2008",Citay,Rock,Eye on the Dollar,399
4769,004769.mp3,Low Live at ATP-NY 9/20/2008 on WFMU,Low,Rock,Walk Into The Sea,216
4771,004771.mp3,Low Live at ATP-NY 9/20/2008 on WFMU,Low,Rock,Canada,276
4777,004777.mp3,"Half Japanese Live WFMU SXSW Showcase at Spiro's in Austin, TX on 3/14/2008",Half Japanese,Rock,Firecracker,183
4778,004778.mp3,"Half Japanese Live WFMU SXSW Showcase at Spiro's in Austin, TX on 3/14/2008",Half Japanese,Rock,Too Much Fun,121
4779,004779.mp3,"Half Japanese Live WFMU SXSW Showcase at Spiro's in Austin, TX on 3/14/2008",Half Japanese,Rock,Secret Admirer,149
4780,004780.mp3,"Half Japanese Live WFMU SXSW Showcase at Spiro's in Austin, TX on 3/14/2008",Half Japanese,Rock,Too Much Adrenaline,76
4781,004781.mp3,"Half Japanese Live WFMU SXSW Showcase at Spiro's in Austin, TX on 3/14/2008",Half Japanese,Rock,No Big Deal,131
4782,004782.mp3,"Half Japanese Live WFMU SXSW Showcase at Spiro's in Austin, TX on 3/14/2008",Half Japanese,Rock,Thing With a Hook,165
4783,004783.mp3,"Half Japanese Live WFMU SXSW Showcase at Spiro's in Austin, TX on 3/14/2008",Half Japanese,Rock,I'll Chane My Style,132
4784,004784.mp3,"Half Japanese Live WFMU SXSW Showcase at Spiro's in Austin, TX on 3/14/2008",Half Japanese,Rock,Rosemary's Baby,124
4785,004785.mp3,"Half Japanese Live WFMU SXSW Showcase at Spiro's in Austin, TX on 3/14/2008",Half Japanese,Rock,I Know How It Feels...Bad,151
4786,004786.mp3,"Half Japanese Live WFMU SXSW Showcase at Spiro's in Austin, TX on 3/14/2008",Half Japanese,Rock,"1,000,000 Kisses",120
4787,004787.mp3,"Half Japanese Live WFMU SXSW Showcase at Spiro's in Austin, TX on 3/14/2008",Half Japanese,Rock,Nicole Told Me,165
4788,004788.mp3,"Half Japanese Live WFMU SXSW Showcase at Spiro's in Austin, TX on 3/14/2008",Half Japanese,Rock,Fire To Burn,159
4791,004791.mp3,"Hank IV Live WFMU SXSW Showcase at Spiro's in Austin, TX on 3/14/2008",Hank IV,Rock,Sorry 'Bout the Boat Race,277
4793,004793.mp3,"Hank IV Live WFMU SXSW Showcase at Spiro's in Austin, TX on 3/14/2008",Hank IV,Rock,Drive the Whip,195
4798,004798.mp3,"Hank IV Live WFMU SXSW Showcase at Spiro's in Austin, TX on 3/14/2008",Hank IV,Rock,Symptomatic,235
4799,004799.mp3,"Harvey Milk Live WFMU SXSW Showcase at Spiro's in Austin, TX on 3/14/2008",Harvey Milk,Rock,I've Got a Love,242
4800,004800.mp3,"Harvey Milk Live WFMU SXSW Showcase at Spiro's in Austin, TX on 3/14/2008",Harvey Milk,Rock,Crush Them All,323
4801,004801.mp3,"Harvey Milk Live WFMU SXSW Showcase at Spiro's in Austin, TX on 3/14/2008",Harvey Milk,Rock,War,160
4802,004802.mp3,"Harvey Milk Live WFMU SXSW Showcase at Spiro's in Austin, TX on 3/14/2008",Harvey Milk,Rock,Shame,227
4803,004803.mp3,"Harvey Milk Live WFMU SXSW Showcase at Spiro's in Austin, TX on 3/14/2008",Harvey Milk,Rock,Old Glory,298
4829,004829.mp3,Live at WFMU on Liz Berg's Show on 10/20/2008,Parts and Labor,Rock,The Gold We're Digging,218
4835,004835.mp3,Live at WFMU on The Cherry Blossom Clinic 6/21/2002,Peelander-Z,Rock,Steak,243
4836,004836.mp3,Live at WFMU on The Cherry Blossom Clinic 6/21/2002,Peelander-Z,Rock,Panda Punk Tongue,214
4837,004837.mp3,Live at WFMU on The Cherry Blossom Clinic 6/21/2002,Peelander-Z,Rock,Bruce Lee Blue Three,185
4838,004838.mp3,Live at WFMU on The Cherry Blossom Clinic 6/21/2002,Peelander-Z,Rock,Punk Rock,268
4840,004840.mp3,Live at WFMU on The Cherry Blossom Clinic 6/21/2002,Peelander-Z,Rock,KO Bon Bayeh,136
4841,004841.mp3,Live at WFMU on The Cherry Blossom Clinic 6/21/2002,Peelander-Z,Rock,Jaico,203
4846,004846.mp3,Live at WFMU on Rob Weisberg's Show on 10/4/2008,Mamak Khadem,International,Bistoon,345
4848,004848.mp3,Live at WFMU on Rob Weisberg's Show on 10/4/2008,Mamak Khadem,International,(introduction),211
4849,004849.mp3,Live at WFMU on Rob Weisberg's Show on 10/4/2008,Mamak Khadem,International,Avareh,283
4850,004850.mp3,Favorite Works,Paul Pitman,Classical,"Preludes, Book 2 -",164
4851,004851.mp3,Favorite Works,Paul Pitman,Classical,"Preludes, Book 2 - La puerta del Vino",236
4996,004996.mp3,Live at WFMU on Mike L's Show on 11/10/2002,New Bomb Turks,Rock,Hassle St.,162
4999,004999.mp3,Live at WFMU on Mike L's Show on 11/10/2002,New Bomb Turks,Rock,Grifted,180
5002,005002.mp3,Live at WFMU on Mike L's Show on 11/10/2002,New Bomb Turks,Rock,Last Lost Fight,148
5003,005003.mp3,Live at WFMU on Mike L's Show on 11/10/2002,New Bomb Turks,Rock,End of the Great Credibility Race,188
5006,005006.mp3,Live at WFMU on Mike L's Show on 11/10/2002,New Bomb Turks,Rock,"So Long, Silver Lining",121
5007,005007.mp3,Live at WFMU on Mike L's Show on 11/10/2002,New Bomb Turks,Rock,Pretty Lightning,211
5009,005009.mp3,Edison Amberol: 960,Charles D'Almaine,Old-Time / Historic,Sailor's hornpipe medley,257
5012,005012.mp3,Edison Blue Amberol: 3896,Louisiana Five,Old-Time / Historic,Clarinet squawk,245
5013,005013.mp3,Edison Amberol: 553,John J. Kimmel,Old-Time / Historic,Buck dance medley,269
5014,005014.mp3,Edison Amberol: 391,Polk Miller and his Old South Quartet,Old-Time / Historic,What a time,242
5015,005015.mp3,Edison Amberol: 678,Ada Jones and Billy Murray,Old-Time / Historic,I don't believe you,241
5016,005016.mp3,Edison Amberol Record: 716,Sophie Tucker,Old-Time / Historic,Missouri Joe,251
5017,005017.mp3,Edison Bell Record: 20283,Frank Miller,Old-Time / Historic,"Don't go down the mine, Dad",155
5018,005018.mp3,Edison Amberol: 126,Hans Kronold,Old-Time / Historic,Nina,258
5019,005019.mp3,Edison Blue Amberol: 2052,Charles Daab,Old-Time / Historic,Irish and Scotch melodies (take 2),271
5020,005020.mp3,Edison Gold Moulded Record: 9154,Henry Burr,Old-Time / Historic,The girl from the U.S.A.,128
5021,005021.mp3,U.S. Everlasting Record: 1594,Ada Jones,Old-Time / Historic,Keep Away From the Fellow Who Owns an Automobile,241
5022,005022.mp3,Edison Gold Moulded Record: 9665,John J. Kimmel,Old-Time / Historic,Medley of straight jigs,135
5023,005023.mp3,Edison Standard Record: 10334,Polk Miller and his Old South Quartet,Old-Time / Historic,Jerusalem Mournin,133
5024,005024.mp3,Edison Gold Moulded Record: 9706,Ada Jones,Old-Time / Historic,Wouldn't you like to have me for a sweetheart,135
5026,005026.mp3,Edison Amberol: 35016,Selma Kurz,Old-Time / Historic,Styrienne [Mignon. Je connais un pauvre enfant],229
5029,005029.mp3,Edison Blue Amberol: 2696,Glen Ellison,Old-Time / Historic,I like your town,249
5030,005030.mp3,Edison Blue Amberol: 2684,Billy Murray,Old-Time / Historic,Gasoline Gus and his jitney bus,209
5031,005031.mp3,Edison Blue Amberol: 2650,Arthur Collins and Byron G. Harlan,Old-Time / Historic,On my way to New Orleans,225
5032,005032.mp3,Edison Blue Amberol: 2653,Charles Daab,Old-Time / Historic,King of the air march,263
5033,005033.mp3,Edison Blue Amberol: 2287,Henry Burr,Old-Time / Historic,O Canada,228
5034,005034.mp3,Edison Blue Amberol: 2297,National Promenade Band,Old-Time / Historic,Some smoke,234
5036,005036.mp3,Edison Blue Amberol: 2492,National Promenade Band,Old-Time / Historic,Lu Lu,246
5038,005038.mp3,Edison Blue Amberol: 2655,Billy Murray,Old-Time / Historic,Are you the O'Reilly?,193
5043,005043.mp3,Edison Blue Amberol: 2390,Irving Kaufman,Old-Time / Historic,Everybody loves my girl,187
5044,005044.mp3,Edison Blue Amberol: 2652,Thomas Chalmers and Elizabeth Spencer,Old-Time / Historic,The star spangled banner,202
5079,005079.mp3,Boredom and Terror,Intelligence,Rock,The New Kings And Queens of Musical History,121
5092,005092.mp3,Live on WFMU July 21 1996; Live At The Stork Club with Stork,Love Craft,Rock,Swimming,174
5104,005104.mp3,Live at WFMU on the Cherry Clossom Clinic on 1/17/2009,Magic Christian,Rock,Shake Some Action,355
5106,005106.mp3,Live at WFMU on The Long Rally 12/10/2008,Mary Halvorson Trio,Jazz,Too Many Ties (No. 6),373
5107,005107.mp3,Live at WFMU on The Long Rally 12/10/2008,Mary Halvorson Trio,Jazz,Momentary Lapse (No. 1),468
5119,005119.mp3,Live at WFMU on The Long Rally 12/10/2008,Mary Halvorson Trio,Jazz,Dragon's Head (No. 9),458
5120,005120.mp3,Live at WFMU on The Long Rally 12/10/2008,Mary Halvorson Trio,Jazz,No. 11,482
5140,005140.mp3,Live at WFMU 10/30/07 on Hatch's Show,Ed Askew,Folk,Little Infinite Love Song,210
5141,005141.mp3,Live at WFMU 10/30/07 on Hatch's Show,Ed Askew,Folk,Oh the Lovely Face,266
5147,005147.mp3,Live at WFMU on Scott McDowell's Show on 9/10/2008,Uninhabitable Mansions,Rock,Watertower,208
5148,005148.mp3,Live at WFMU on Scott McDowell's Show on 9/10/2008,Uninhabitable Mansions,Rock,I Dream So Vividly,230
5149,005149.mp3,Live at WFMU on Scott McDowell's Show on 9/10/2008,Uninhabitable Mansions,Rock,We Misplaced A Cobra In the Uninhabitable Mansions,266
5151,005151.mp3,Live at WFMU on Scott McDowell's Show on 9/10/2008,Uninhabitable Mansions,Rock,This Drift,196
5152,005152.mp3,Live at WFMU on Scott McDowell's Show on 9/10/2008,Uninhabitable Mansions,Rock,That's Fine With Me,238
5153,005153.mp3,Live at WFMU on Scott McDowell's Show on 9/10/2008,Uninhabitable Mansions,Rock,Do You Have A Strategy,191
5156,005156.mp3,Live at WFMU 5/5/08 on Irene Trudel's show,Peter Biedermann,Folk,Circles,324
5157,005157.mp3,Live at WFMU 5/5/08 on Irene Trudel's show,Peter Biedermann,Folk,Copenhagen,298
5158,005158.mp3,Live at WFMU 5/5/08 on Irene Trudel's show,Peter Biedermann,Folk,Running,226
5159,005159.mp3,Live at WFMU 5/5/08 on Irene Trudel's show,Peter Biedermann,Folk,Christiania,286
5160,005160.mp3,Live at WFMU on Pat Duncan's Show 11/20/08,The Bristles,Rock,Bomb Tonight,185
5162,005162.mp3,Live at WFMU on Pat Duncan's Show 11/20/08,The Bristles,Rock,American Dream,213
5169,005169.mp3,Live at WFMU 5/5/08 on Irene Trudel's show,Peter Biedermann,Folk,The Uncommon Man,329
5170,005170.mp3,Live at WFMU 5/5/08 on Irene Trudel's show,Peter Biedermann,Folk,Labyrinth,356
5171,005171.mp3,Live at WFMU 5/5/08 on Irene Trudel's show,Peter Biedermann,Folk,Cover Up,199
5178,005178.mp3,Live at WFMU on Liz B's Show on 8/18/2008,caUSE co-MOTION,Pop,Which Way Is Up?,90
5191,005191.mp3,Live at WFMU on Michael Goodstein's Show on 9/13/2004,caUSE co-MOTION,Pop,Say What You Feel,95
5196,005196.mp3,Live at WFMU on Michael Goodstein's Show on 9/13/2004,caUSE co-MOTION,Pop,Only Fades Away,90
5219,005219.mp3,Live at WFMU on Terre T's Show on 6/7/2002,Coachwhips,Rock,"1,000 Years",88
5220,005220.mp3,Live at WFMU on Terre T's Show on 6/7/2002,Coachwhips,Rock,That Bitch,113
5221,005221.mp3,Live at WFMU on Terre T's Show on 6/7/2002,Coachwhips,Rock,Tonight's the Night,71
5222,005222.mp3,Live at WFMU on Terre T's Show on 6/7/2002,Coachwhips,Rock,By the Way,80
5223,005223.mp3,Live at WFMU on Terre T's Show on 6/7/2002,Coachwhips,Rock,Just One Time,120
5224,005224.mp3,Live at WFMU on Terre T's Show on 6/7/2002,Coachwhips,Rock,Hey Stiffy,88
5226,005226.mp3,Live at WFMU on Terre T's Show on 6/7/2002,Coachwhips,Rock,I Fight With My Heart,99
5227,005227.mp3,Live at WFMU on Terre T's Show on 6/7/2002,Coachwhips,Rock,Look Into My Eyes When I Come,137
5237,005237.mp3,Live at WFMU on Evan Davies's Show on 8/19/2008,The Cute Lepers,Rock,Out Of Order,110
5238,005238.mp3,Live at WFMU on Evan Davies's Show on 8/19/2008,The Cute Lepers,Rock,Terminal Boredom,125
5239,005239.mp3,Live at WFMU on Evan Davies's Show on 8/19/2008,The Cute Lepers,Rock,No No No,104
5240,005240.mp3,Live at WFMU on Evan Davies's Show on 8/19/2008,The Cute Lepers,Rock,Nervous Habits,86
5241,005241.mp3,Live at WFMU on Evan Davies's Show on 8/19/2008,The Cute Lepers,Rock,The News Is Always,148
5242,005242.mp3,Live at WFMU on Evan Davies's Show on 8/19/2008,The Cute Lepers,Rock,Prove It,207
5243,005243.mp3,Live at WFMU on Evan Davies's Show on 8/19/2008,The Cute Lepers,Rock,It's Summertime Baby,145
5244,005244.mp3,Live at WFMU on Evan Davies's Show on 8/19/2008,The Cute Lepers,Rock,Modern Pests,144
5245,005245.mp3,Live at WFMU on Evan Davies's Show on 8/19/2008,The Cute Lepers,Rock,Fall To Pieces,198
5246,005246.mp3,Live at WFMU on Evan Davies's Show on 8/19/2008,The Cute Lepers,Rock,Intro,102
5258,005258.mp3,Live at WFMU on Evan Davies's Show on 8/19/2008,The Cute Lepers,Rock,Young Hearts,223
5264,005264.mp3,Live at WFMU on Mike's Show on 7/11/2002,Dälek,Hip-Hop,Classical Homicide,431
5265,005265.mp3,Live at WFMU on Mike's Show on 7/11/2002,Dälek,Hip-Hop,Swollen Tongue Bums,544
5267,005267.mp3,Live at WFMU on Mike's Show on 7/11/2002,Dälek,Hip-Hop,Praise be the Man,425
5268,005268.mp3,Live at WFMU on Mike's Show on 7/11/2002,Dälek,Hip-Hop,3 Rocks Blessed,260
5269,005269.mp3,Live at WFMU on Mike's Show on 7/11/2002,Dälek,Hip-Hop,From Mole Hills,300
5270,005270.mp3,Live at WFMU on Mike's Show on 7/11/2002,Dälek,Hip-Hop,Spiritual Healing,331
5273,005273.mp3,DMBQ Live at 2008 Record Fair on WFMU Record Fair's Show on 10/26/2008,DMBQ,Rock,She Walks,377
5275,005275.mp3,Live at WFMU on Dan Bodah's Show 12/7/08,Haale,Rock,Off Duty Fortune Teller,228
5276,005276.mp3,Live at WFMU on Dan Bodah's Show 12/7/08,Haale,Rock,Ay Dar Shekasteh,311
5277,005277.mp3,Live at WFMU on Dan Bodah's Show 12/7/08,Haale,Rock,Home Again,467
5283,005283.mp3,Live at WFMU on Terre T's Show on 11/15/2003,Frigg A Go Go (F.A.G.G.),Rock,Walk On,130
5284,005284.mp3,Live at WFMU on Terre T's Show on 11/15/2003,Frigg A Go Go (F.A.G.G.),Rock,Muscle,186
5285,005285.mp3,Live at WFMU on Terre T's Show on 11/15/2003,Frigg A Go Go (F.A.G.G.),Rock,Liberation is not Easy,161
5286,005286.mp3,Live at WFMU on Terre T's Show on 11/15/2003,Frigg A Go Go (F.A.G.G.),Rock,Degree of Freedom,185
5319,005319.mp3,The,Idmonster,Electronic,The force may be with you,233
5320,005320.mp3,The,Idmonster,Electronic,The storm before the calm,179
5321,005321.mp3,The,Idmonster,Electronic,The lightness,242
5325,005325.mp3,The,Idmonster,Electronic,The part of something,294
5337,005337.mp3,Jeanie and Caroline,Retrigger,Electronic,The Black Lagoon + ABIN groove,225
5340,005340.mp3,Jeanie and Caroline,Retrigger,Electronic,Ghettoblasta 64',175
5341,005341.mp3,Jeanie and Caroline,Retrigger,Electronic,Soviet disco dog theme song,259
5342,005342.mp3,Jeanie and Caroline,Retrigger,Electronic,Mean a swing,222
5343,005343.mp3,Jeanie and Caroline,Retrigger,Electronic,You will die,174
5344,005344.mp3,Jeanie and Caroline,Retrigger,Electronic,Ghesttoblasta! '64 (Remix by Maladroit),289
5345,005345.mp3,Jeanie and Caroline,Retrigger,Electronic,Raining blood,232
5346,005346.mp3,Jeanie and Caroline,Retrigger,Electronic,Seduce Jeanie & Kill Caroline,130
5348,005348.mp3,Jeanie and Caroline,Retrigger,Electronic,Duck you sucker!,211
5354,005354.mp3,Jeanie and Caroline,Retrigger,Electronic,Jeanie and Caroline,208
5371,005371.mp3,Jeanie and Caroline,Retrigger,Electronic,Reckless driving is not a sin,171
5376,005376.mp3,Live at WFMU on Bethany's Show on 9/10/2006,Mary Halvorson and Jessica Pavone,Folk,The Clouds,216
5377,005377.mp3,Live at WFMU on Bethany's Show on 9/10/2006,Mary Halvorson and Jessica Pavone,Folk,I am Fine,274
5378,005378.mp3,Live at WFMU on Bethany's Show on 9/10/2006,Mary Halvorson and Jessica Pavone,Folk,Speaking With Silence,117
5379,005379.mp3,Live at WFMU on Bethany's Show on 9/10/2006,Mary Halvorson and Jessica Pavone,Folk,The Wand,250
5380,005380.mp3,Live at WFMU on Bethany's Show on 9/10/2006,Mary Halvorson and Jessica Pavone,Folk,On and Off,101
5381,005381.mp3,Live at WFMU on Bethany's Show on 9/10/2006,Mary Halvorson and Jessica Pavone,Folk,Hartford,199
5399,005399.mp3,Demolar 2007-2008,Hayvanlar Alemi,Rock,Yerçekimsiz Ortam,226
5440,005440.mp3,Altered Beast,Animosity &amp; Drumcorps,Electronic,Thin Retro God,177
5477,005477.mp3,Tra La La La Phooey!,R. Stevie Moore,Rock,"But You Love Me, Daddy (with Jim Reeves)",130
5510,005510.mp3,Tra La La La Phooey!,R. Stevie Moore,Rock,Technical Difficulty,165
5521,005521.mp3,Three Forks,The Apartment,Experimental,alone now,178
5531,005531.mp3,Three Forks,The Apartment,Experimental,dig a hole,192
5533,005533.mp3,Three Forks,The Apartment,Experimental,the moon is full,206
5534,005534.mp3,Three Forks,The Apartment,Experimental,flowing,195
5535,005535.mp3,Three Forks,The Apartment,Experimental,ohh what fun,215
5570,005570.mp3,Tra La La La Phooey!,R. Stevie Moore,Rock,You And Me,147
5573,005573.mp3,Tra La La La Phooey!,R. Stevie Moore,Rock,Records,87
5574,005574.mp3,Tra La La La Phooey!,R. Stevie Moore,Rock,Say Man,563
5576,005576.mp3,Tra La La La Phooey!,R. Stevie Moore,Rock,Cease All Relationships (Phlegm Soundtrack excerpt),248
5577,005577.mp3,Tra La La La Phooey!,R. Stevie Moore,Rock,I've Begun To Fall In Love (Midi-Bran Piano Roll),124
5600,005600.mp3,Tra La La La Phooey!,R. Stevie Moore,Rock,Grease Theme,212
5601,005601.mp3,Tra La La La Phooey!,R. Stevie Moore,Rock,A Whiter Shade Of Pale,330
5879,005879.mp3,In Her Dream: Bob Wiseman Sings Wrench Tuttle,Bob Wiseman,Folk,Rock and Tree,321
5936,005936.mp3,Live at WFMU on The Modern World w/ Trouble 1/22/09,Susanna,Folk,Traveling,207
5939,005939.mp3,Live at WFMU on Irene Trudel's Show 12/8/08,Howard Fishman,Folk,Crash on the Levee,319
5940,005940.mp3,Live at WFMU on Irene Trudel's Show 12/8/08,Howard Fishman,Folk,When It Rains,184
6274,006274.mp3,Live at WFMU on Liz Berg's show 2/16/2009,Mi Ami,Rock,New,279
6275,006275.mp3,Live at WFMU on Liz Berg's show 2/16/2009,Mi Ami,Rock,New New,396
6276,006276.mp3,Live at WFMU on Liz Berg's show 2/16/2009,Mi Ami,Rock,New Guitar,394
6329,006329.mp3,Sheqer Live on WFMU from the 2009 Golden Festival in NYC,Sheqer,International,Krivo Kopanitsa Horo,225
6330,006330.mp3,Sounds of Taraab Live on WFMU from the 2009 Golden Festival in NYC,The Sounds of Taraab,International,Nie Zama Nie Sema,201
6331,006331.mp3,Kavala Brass Band Live on WFMU from the 2009 Golden Festival in NYC,Kavala Brass Band,International,track 1,337
6332,006332.mp3,Raya Brass Band Live on WFMU from the 2009 Golden Festival in NYC,Raya Brass Band,International,Taso's Hasapiko,344
6333,006333.mp3,Scott Wilson & Efendi Live on WFMU from the 2009 Golden Festival in NYC,Scott Wilson & Efendi,International,track 01,277
6342,006342.mp3,Zikrayat Live on WFMU from the 2009 Golden Festival in NYC,Zikrayat,International,Doulab Nahawand Murassaa,290
6354,006354.mp3,Sounds of Taraab Live on WFMU from the 2009 Golden Festival in NYC,The Sounds of Taraab,International,Daka Koz,214
6357,006357.mp3,Raya Brass Band Live on WFMU from the 2009 Golden Festival in NYC,Raya Brass Band,International,Zaharoula,214
6358,006358.mp3,Kavala Brass Band Live on WFMU from the 2009 Golden Festival in NYC,Kavala Brass Band,International,track 2,287
6360,006360.mp3,Keyif Live on WFMU from the 2009 Golden Festival in NYC,Orkestra Keyif,International,Sabah Sabah Seyredelim Yaliyi,291
6363,006363.mp3,Scott Wilson & Efendi Live on WFMU from the 2009 Golden Festival in NYC,Scott Wilson & Efendi,International,track 02,350
